titulo,autor,anio,estante_numero,estante_seccion,piso,edificio,sede
Unrest,Jasen Peploe,1995,58,Marketing,27,TH,Phanat Nikhom
I Could Go on Singing,Parry Bythell,1997,11,Business Development,8,CN,Qiujima
I'm Reed Fish,Perry Brassington,2005,94,Support,52,PL,Kuczbork-Osada
"Company, The",Albina Scamadine,1996,14,Product Management,79,ID,Margasari
"Crow, The: Wicked Prayer",Corinne O' Mulderrig,1995,13,Legal,56,CN,Yoiqag
"Deluge, The (Potop)",Freemon Probet,1985,5,Legal,45,AF,Ghazni
24 City (Er shi si cheng ji),Andi Gerger,2008,100,Human Resources,13,DO,Santa Cruz de El Seibo
"Affair of the Heart, An",Merrilee Woolis,1998,23,Product Management,14,ID,Ringinrejo
Simply Irresistible,Wiatt Reven,1987,79,Accounting,98,ID,Cimenga
Always for Pleasure,Lisle Benedit,1983,20,Support,20,CN,He’an
Citizen Ruth,Suzanne Guerin,1985,73,Research and Development,57,MG,Moramanga
Hidalgo,Gennifer Ewbanche,2010,25,Research and Development,14,CN,Shuangtang
Hearts Divided,Jackson Gooch,2009,48,Research and Development,38,CN,Wenlin
Dragonwyck,Lorant Polk,2008,7,Research and Development,31,ID,Mungkin
Like Stars on Earth (Taare Zameen Par),Goldina Melvin,2012,49,Legal,81,CM,Bogo
Man on the Flying Trapeze,Viviyan Gaskin,1984,47,Research and Development,33,FR,Tours
Frequently Asked Questions About Time Travel,Kelli Drakes,1998,52,Product Management,16,MX,El Tejocote
12 Dates of Christmas,Candida Baly,2008,47,Services,58,SE,Säffle
Hamlet Goes Business (Hamlet liikemaailmassa),Gayle Tryme,1999,36,Business Development,100,FI,Petäjävesi
Extraterrestrial (Extraterrestre),Jade Gelsthorpe,2006,44,Product Management,68,PH,Tocok
21 tapaa pilata avioliitto,Anette Harewood,1990,44,Legal,67,PH,San Juan
"Touch of Class, A",Mathew Surgeoner,2009,77,Product Management,51,UG,Bukomansimbi
Anchorman: The Legend of Ron Burgundy,Gilly McOnie,2009,48,Training,56,RU,Perovo
Bleak Moments,Tyne Maly,1965,43,Research and Development,59,LA,Xam Nua
Possession,Mattheus Probyn,1994,51,Business Development,66,PH,Rajal Norte
"Memphis Belle: A Story of a Flying Fortress, The",Charita Flacknell,2010,52,Support,80,AR,Pozo Hondo
Dragon Ball Z the Movie: The World's Strongest (a.k.a. Dragon Ball Z: The Strongest Guy in The World) (Doragon bôru Z: Kono yo de ichiban tsuyoi yatsu),Lishe Croster,2007,1,Engineering,5,TZ,Bukonyo
Boy Meets Boy,Cello Raimbauld,2012,16,Training,67,PK,Minchinābād
Death Hunt,Jemimah Ivanov,2003,92,Research and Development,34,CZ,Heřmanův Městec
Cowspiracy: The Sustainability Secret,Ryun Huddart,2006,77,Product Management,52,ID,Roun Satu
America Before Columbus,Wendel Crippell,2000,3,Human Resources,47,CN,Yangjiaqiao
Salvage,Herve Mioni,1990,40,Services,70,SE,Vällingby
"Bishop Murder Case, The",Michail Cattermole,2011,87,Sales,34,PH,Arcangel
Fat Albert,Mile Geekie,2006,55,Business Development,48,SY,Mas‘adah
"Good Wife, The",Mortimer Sommerlin,1988,50,Research and Development,33,CN,Mazongshan
One Lucky Elephant,Curtis Meriel,2007,65,Legal,10,US,Milwaukee
Head On,Falito Girke,1992,41,Human Resources,54,CZ,Mikulášovice
"Omega Man, The",Brien Elliston,2003,96,Engineering,76,CN,Heishui
Empire of the Sun,Burtie Spowart,2004,10,Research and Development,61,IQ,Ḩalabjah
"Arrival, The",Cortney Froschauer,2010,69,Sales,23,TH,Bang Lamung
It Happened Tomorrow,Tobye MacNish,2006,47,Human Resources,98,JP,Chiba
Teenage Mutant Ninja Turtles III,Rooney Kopf,2002,12,Accounting,21,PL,Ciechocin
Dead Time: Kala,Ora Ingerman,2008,32,Services,15,CN,Nanding
Tales of Manhattan,Fowler Pflieger,2012,35,Legal,56,ID,Kabongan Kidul
Bungee Jumping of Their Own (Beonjijeompeureul hada),Minnaminnie Darinton,1993,46,Product Management,99,CN,Wenfeng Zhen
Alone in the Dark,Isak Ovill,2009,29,Support,48,EG,Ḩawsh ‘Īsá
Don't Make Waves,Dionis Harrow,2003,90,Services,23,MY,Kangar
Hellboy II: The Golden Army,Mable Cory,2011,18,Support,54,DO,Bayaguana
Diary of a Wimpy Kid,Beaufort Chaucer,1994,79,Accounting,31,PH,Bangan-Oda
Radio,Tiffie Stedall,2003,21,Business Development,77,CN,Baimangpu
Trapped in the Closet: Chapters 1-12,Gretel Loachhead,2001,39,Research and Development,35,TZ,Kilimatinde
"Mother's Courage: Talking Back to Autism, A",Kacey Longmead,2012,61,Marketing,51,PH,Kajatian
Jaws 3-D,Aksel Greengrass,1994,23,Legal,74,CA,Cochrane
Magic Man,Nick O' Driscoll,2004,24,Services,69,PE,Pajarillo
"Ballroom, The (Chega de Saudade)",Charmion Rodie,2009,57,Accounting,5,PH,General Luna
Foolproof,Miles Holehouse,2004,75,Product Management,4,CN,Gongrong
Black Moon,Lisha Westgate,2002,11,Legal,43,MK,Sredno Konjare
The Jackie Robinson Story,Luciana Hallifax,1992,65,Business Development,94,RU,Presnenskiy
Be with Me,Dodie Kobpal,2012,86,Services,39,PL,Jemielno
"Legend of Bagger Vance, The",Ryon Jerram,2012,65,Legal,42,CN,Gancheng
Mad Dogs & Englishmen,Quincey Cruickshank,2010,21,Legal,63,RU,Pristen’
One Wonderful Sunday (Subarashiki nichiyobi),Blaine Kirstein,1998,94,Business Development,63,CN,Mingjiu
Born Romantic,Zacharia Bubeer,1996,70,Product Management,31,FI,Kuhmalahti
A Merry Friggin' Christmas,Mora Gorelli,2005,59,Support,79,TZ,Muheza
"Bannen Way, The",Abra Faveryear,2001,45,Engineering,99,CN,Hou’an
"Girl, The",Lulu Stanion,2008,56,Research and Development,34,NO,Oslo
"Family, The (Famiglia, La)",Binny Chalfont,1997,58,Training,74,CZ,Šenov
Amigo,Nettie Hathorn,2000,25,Business Development,33,SY,Al Bahlūlīyah
Casualties of War,Carolee Rowney,2010,31,Marketing,66,JP,Sugito
"Dirty Dozen, The: The Fatal Mission",Olympia De La Haye,1991,43,Marketing,87,BY,Byerazino
"Black Camel, The (Charlie Chan in the Black Camel)",Hermine Van Der Weedenburg,2003,88,Services,13,GT,San Cristóbal Totonicapán
Eve's Bayou,Meredith Marjoribanks,1989,89,Business Development,93,GB,Denton
G.B.F.,Lief Woodroffe,1997,54,Human Resources,69,ID,Pakuncen
"Love Movie, The (Rakkauselokuva)",Bryan St. Quentin,2005,34,Product Management,73,RU,Korkino
Annie Oakley,Lanae Lynagh,1991,11,Support,74,ID,Jorok Dalam
Space Is The Place,Norrie Dawkins,2005,36,Support,16,CU,Arroyo Naranjo
"Missionary, The",Andi Margaritelli,2010,28,Business Development,45,MY,Johor Bahru
"Comebacks, The",Fredek Lockery,1982,33,Marketing,4,CZ,Měcholupy
Home Sweet Hell,Gibbie Lambard,1990,77,Marketing,81,SY,Tall Rif‘at
Some Girl(s),Gale Truluck,1999,19,Human Resources,46,ID,Margasana
Over the Hedge,Peterus Pimley,1995,57,Product Management,79,CM,Douala
Miami Connection,Jackie Paolacci,2011,14,Engineering,30,ID,Terentang
"Extra Man, The",Loren Riha,2006,99,Accounting,95,US,Sacramento
"Crying Game, The",Biddie Bexley,1997,43,Product Management,80,CO,El Retorno
Tapia,Wilmer Smurfitt,1997,85,Marketing,89,CN,Yunzhong
A Night in the Show,Osmond Muckleston,1977,21,Research and Development,5,CN,Yangjia
Captain from Castile,Rosabella Van Castele,1992,60,Product Management,43,BG,Aksakovo
"Banger Sisters, The",Goddart Ledrane,1998,61,Product Management,79,LV,Priekule
Kissing a Fool,Nike Snelgrove,2012,36,Training,9,PE,Palcamayo
Girl on a Bicycle,Derwin Garthland,1992,42,Services,63,PK,Badīn
Delicacy (La délicatesse),Gerhardt Pavlata,1998,35,Product Management,47,SE,Västervik
Street Scenes ,Karel Antonoczyk,2004,57,Engineering,1,FR,Béthune
Down and Derby,Coralyn Garn,2003,7,Business Development,15,PT,Terrugem
Tales of Ordinary Madness (Storie di Ordinaria Follia),Kelly Buxcy,2010,11,Support,98,SE,Järfälla
See This Movie,Darlleen Faithorn,1985,36,Marketing,59,CU,Cruces
Meet John Doe,Emlyn Mottershead,1996,81,Training,54,PE,Mariposa
Kiss of the Damned,Jorry Lamputt,2010,47,Legal,23,ID,Poncokusumo
Fahrenheit 9/11,Vanya Abrahams,1989,50,Research and Development,92,KG,At-Bashi
"Pier, The (Jetée, La)",Shea Starling,1988,2,Research and Development,39,FR,L'Union
In the Fog (V tumane),Roi Inett,2011,63,Legal,89,CN,Longxi
Martin Lawrence: You So Crazy,Ezmeralda Ackroyd,1998,6,Legal,86,LA,Soukkouma
"Captain's Paradise, The",Fabian Pentony,1989,6,Training,93,EG,Basyūn
The Unexpected Love,Norris Magarrell,2011,87,Marketing,61,NL,Haarlem
Against All Flags,Kev Speedy,2000,11,Business Development,55,CN,Anjie
"Love Nest, The",Ramon Jillett,2006,79,Business Development,9,MM,Kayan
Nowhere,Curry Dansey,2003,90,Training,60,IL,Nazareth
Penelope,Trumaine Meriguet,2009,17,Training,13,VN,Thanh Xuân
Hunger,Wilburt Ducket,2004,11,Marketing,32,AL,Krutja e Poshtme
That Certain Woman,Perren Kiley,2009,17,Sales,99,PL,Dziadkowice
"Call of Cthulhu, The",Reinald Bruun,2009,64,Support,46,CN,Dengnan
Fame High,Gilbert Winterton,1993,92,Product Management,7,CN,Xinan
Cry of the Banshee,Fanni Hoppner,1977,65,Engineering,36,MD,Rîşcani
Harem,Onida Nana,1963,74,Sales,15,CN,Songgui
Pride and Prejudice,Caryl Anespie,2000,71,Services,75,PH,Reina Mercedes
"Source, The",Willey Abrahamsen,2009,83,Services,58,CN,Hushi
Kiss Me Goodbye,Alverta Brinded,1988,9,Support,71,ID,Bofuer
Wind Across the Everglades,Laural Archibould,2009,99,Product Management,38,CZ,Rumburk
Untamed Youth,Wilden Windrass,2006,90,Product Management,39,RU,Priyutovo
Zorro,Farica Garrison,2009,96,Services,51,AF,Jabal os Saraj
Murder on the Orient Express,Ericka Ghiriardelli,1992,23,Human Resources,77,ID,Karangdawa Barat
Superman,Sammie Folshom,1994,98,Sales,39,BR,Fernando de Noronha (Distrito Estadual)
"Neon Bible, The",Catlin Sarll,2000,64,Training,27,NG,Runka
Edward Scissorhands,Nikolaos Grassett,1999,11,Product Management,78,BR,Buritis
Kidnapping Mr. Heineken,Toiboid Ladlow,2000,99,Research and Development,46,NE,Tillabéri
"Secret, A (Un secret)",Yance Sinclaire,2001,64,Human Resources,80,BR,Vargem Grande do Sul
"Householder, The (Gharbar)",Vick Fann,2011,5,Marketing,30,CN,Erdu
Emmanuelle 2,Milena Romand,2006,93,Legal,92,CN,Rudong
Minuscule: Valley of the Lost Ants (Minuscule - La vallée des fourmis perdues),Chic Domotor,2010,46,Business Development,93,PL,Świdwin
Fireproof,Barb Liebmann,1998,9,Support,47,CN,Gaoshi
"Farewell, My Queen (Les adieux à la reine)",Lesly Burke,1992,65,Training,92,CN,Sanli
Hall Pass,Murdock Cisson,1989,74,Training,7,CN,Tuopu Luke
"Good Morning, Vietnam",Appolonia Janicek,1996,29,Legal,50,RU,Krivodanovka
"Grand Budapest Hotel, The",Neda Bunston,2008,3,Product Management,66,CN,Lingyuan
"Yes Men Fix the World, The",Susy Attwoull,2004,36,Services,52,SE,Östersund
Girl with a Pearl Earring,Laureen Addionizio,2004,29,Product Management,100,PL,Unisław
Leather Jacket Love Story,Darelle Buncombe,1993,47,Human Resources,40,MA,Tiztoutine
Choking Man,Park Gasticke,2001,30,Services,79,AO,N’dalatando
Seduced and Abandoned (Sedotta e abbandonata),Paxton Samuels,1991,56,Legal,26,PL,Sadkowice
Friends with Money,Essy Frondt,2010,45,Training,6,ID,Cirahab
Houseguest,Evania Courson,2008,83,Business Development,79,CN,Hancheng
Billy Bathgate,Laurella Draysay,1994,71,Sales,30,CZ,Batelov
History of Hell (Rosas Höllenfahrt),Kattie Forward,2004,70,Human Resources,45,RU,Novokuz’minki
Cat and Dog,Beatriz Kaes,1993,11,Sales,60,LK,Kalmunai
To.get.her,Evania Filgate,2011,53,Research and Development,75,FR,Arles
Silent Wedding (Nunta Muta),Tore Chatfield,2002,8,Human Resources,95,CN,Wangge’ertang
Hotel Reserve,Gabriele Robardey,2009,92,Support,89,PL,Kamieniec
8:46,Annnora Rosenwasser,2003,32,Engineering,35,CO,El Banco
Aftershock,Jada Keave,2005,31,Research and Development,10,PT,Eiriz
"Innkeepers, The",Nikola Marcinkowski,1995,93,Human Resources,62,RU,Kurlovo
My Boy,Rudolf Wehnerr,1995,70,Product Management,83,CN,Yanling
Primrose Path,Andre Ivimy,2005,23,Training,87,TH,Bang Khon Thi
Facing Ali,Klemens Glave,2008,70,Product Management,52,IS,Höfn
"Nutcracker, The",Raimundo Allawy,1997,2,Engineering,40,ID,Pisang
Tale of the Mummy,Leda Yukhnev,2011,81,Sales,57,ID,Wahawaha
Slappy and the Stinkers,Myranda McKeevers,1993,66,Services,73,MX,Providencia
Across the Sea of Time,Jinny Slayton,1994,4,Business Development,92,BR,Limoeiro
ComDads (les Compères),Darius Morcom,1992,26,Services,50,IT,Laspezia
Godzilla Against MechaGodzilla (Gojira tai Mekagojira),Anderea Semeniuk,2004,5,Training,90,IE,Ballina
Happy Tears,Terrill Mottershead,2009,74,Legal,9,NO,Oslo
Doc,Mandy Presnail,1999,88,Services,77,FR,Troyes
Jim Jefferies: BARE,Jasen Travers,2012,76,Services,73,PE,Huayucachi
Interiors,Carina Sponer,2007,27,Product Management,48,MX,Benito Juarez
Bal (Honey),Lorilyn Yearne,1967,69,Services,93,CN,Doushan
Creator,Adams Scatchar,2001,54,Training,56,BG,Berkovitsa
Invitation to a Gunfighter,Vittorio Mynett,2010,81,Research and Development,26,SE,Umeå
Double Impact,Cort Toseland,2009,59,Services,64,PL,Laliki
Rude Boy,Ricki Sibborn,1994,59,Engineering,62,DE,Hamburg
Striking Range,Beau Kemsley,2008,78,Research and Development,5,CZ,Dobříš
Watch the Birdie,Dorene Le Maitre,2010,56,Sales,100,CL,La Ligua
Joffrey: Mavericks of American Dance,Rubina Siaspinski,2009,27,Product Management,43,GB,Horton
Walk on Water,Barbie Elecum,2000,95,Engineering,66,RU,Inozemtsevo
Protector (Protektor),Corbin Furlow,1989,17,Sales,98,CN,Chengjiao
Kiki's Delivery Service,Arlyn Matysiak,2008,17,Services,55,FR,Lyon
"39 Steps, The",Tanya Hanhard,2010,35,Marketing,93,FR,Armentières
Anywhere But Here,Demetra Landsberg,2010,82,Training,27,CN,Hongsi
Boudu Saved From Drowning (Boudu sauvé des eaux),Bryn Zold,1987,11,Support,76,PH,San Pedro
Open Windows,Levey Fassman,2012,38,Engineering,98,PE,Condoroma
Blind Massage (Tui na),Charita Sandy,1984,18,Product Management,48,CN,Mudanjiang
"Second Civil War, The",Kai Rizzo,2002,34,Training,36,HR,Varaždin
Against All Odds,Pascal McLoughlin,1993,1,Accounting,47,PT,Arrentela
Resident Evil: Extinction,Edlin Kneesha,2001,83,Accounting,34,ID,Pulosari
Farmer & Chase,Shara Mousdall,1995,72,Legal,55,ID,Sungai Iyu
"Baron of Arizona, The",Ancell Wilbore,1992,72,Product Management,73,CN,Haizhouwobao
"Runner, The (Davandeh)",Nikki Hatherleigh,1996,95,Engineering,37,RU,Novosil’
Katt Williams: Priceless: Afterlife,Julieta Antonignetti,2000,73,Training,70,GR,Ouranoupolis
Belle toujours,Muire Dumini,1996,58,Product Management,23,CN,Guangchen
"Great Mouse Detective, The",Corina Ledbury,2012,54,Support,25,US,Peoria
My Cousin Vinny,Wyatt Greder,1996,86,Support,41,RU,Severnyy
Black Orpheus (Orfeu Negro),Otho South,2012,39,Services,98,BR,Palmeira
Palestine Is Still the Issue,Leonardo Paulat,1988,35,Marketing,96,ID,Pasauran
Satan's Tango (Sátántangó),Holden Barti,1997,87,Human Resources,99,PH,Santiago
Trekkies,Barbabas Beggan,1996,13,Business Development,40,PH,Baugo
Tarantella,Lorne Arlett,2006,43,Human Resources,23,PH,Nagpandayan
Time Freak,Jacqui Buckenham,2012,86,Engineering,1,NO,Sandefjord
White Lightning,Odella Skelhorne,1998,67,Services,90,CN,Yashiga
Pups,Sigismondo Magson,2008,6,Training,67,BR,São Luís do Quitunde
So I Married an Axe Murderer,Hyacinth Cornau,2009,92,Business Development,65,CN,Wutong
"Drum, The (Drums)",Margeaux Schowenburg,2000,94,Sales,27,CN,Jiulian
Graffiti Bridge,Valentia Merrill,2009,8,Legal,83,CN,Zoushi
Pinky,Roanne Jaimez,2010,54,Marketing,96,BR,Itanhaém
"Child, The",Cristina Klossmann,2008,80,Business Development,30,CA,Concord
Presidentintekijät,Corabel Anster,1995,76,Marketing,64,AM,Argavand
"Town, The",Brenn Cranefield,1992,59,Research and Development,35,HR,Lepoglava
"Wreck of the Mary Deare, The",Karrah Giocannoni,1992,97,Human Resources,60,CN,Bailiang
"American Tail: Fievel Goes West, An",Sergei Kimblen,2012,80,Services,30,PL,Bledzew
Gates of Heaven,Zackariah Drysdale,1999,4,Services,31,CO,Cartagena del Chairá
Grosse Pointe Blank,Gonzalo Nolleau,2002,97,Training,21,RU,Shumyachi
Love Is Strange,Leodora Polland,2005,96,Legal,31,BY,Zaslawye
Allan Quatermain and the Lost City of Gold,Koren Eliot,2010,29,Engineering,20,LT,Šventoji
My Life,Onofredo Iddenden,1994,19,Human Resources,98,CN,Dongdajie
21-87,Jess Roe,2009,14,Research and Development,7,MX,Cuauhtemoc
Here Without Me (Inja bedoone man),Garrett Glasscott,2003,21,Accounting,49,GL,Uummannaq
Third Person,Micky Fritter,2010,18,Business Development,55,PL,Gnieżdżewo
"5 Deadly Venoms, The (Wu du) (Five Deadly Venoms)",Kylila Alltimes,2003,48,Training,95,CN,Haixing
Gone,Troy Letchmore,1995,94,Sales,44,FR,Marne-la-Vallée
"Golden Christmas, A",Cornela Janowski,2005,4,Research and Development,4,MM,Myitkyina
Live Music,Willabella Childes,2008,59,Engineering,73,JP,Iwatsuki
Lenny Bruce: Swear to Tell the Truth,Tobin Beentjes,2003,37,Business Development,77,BO,Yacuiba
Victim,Alethea Sitch,2010,12,Research and Development,58,US,Los Angeles
Big Man Japan (Dai-Nihonjin),Xena Float,2006,52,Services,12,ZA,Camperdown
Trick,Elwyn Jowitt,2007,93,Sales,51,CN,Jingling
Ray Harryhausen: Special Effects Titan,Ara Stonnell,1995,49,Services,20,PT,Cortinhas
"Early Years: Erik Nietzsche Part 1, The (De unge år: Erik Nietzsche)",Tucker Forsdyke,1992,33,Sales,69,BR,São Sebastião do Caí
Hanging Up,Amalia Hartmann,1992,41,Sales,18,BD,Jamālpur
"Andromeda Strain, The",Field Bradlaugh,2011,25,Business Development,37,BR,Catu
My Demon Lover,Briny Doorey,1993,63,Business Development,41,CZ,Štítná nad Vláří
Visiting Hours,Cammie Gaul,2004,56,Support,88,PH,Agpangi
"Front, The",Remy Libby,2007,60,Training,31,PL,Brzyska
El Niño,Ettie Bozworth,2004,94,Sales,4,MK,Čair
Sudden Manhattan,Amelita Bigby,2010,56,Accounting,27,FI,Taavetti
"Pacifier, The",Karalynn Found,2010,8,Human Resources,61,RU,Rayevskiy
Voyage to the End of the Universe (Ikarie XB 1),Petronella Pesselt,1997,10,Legal,39,PE,Trinidad
"Man with a Cloak, The",Gwendolen Claus,2011,93,Sales,57,US,Lancaster
It Happened to Jane,Gerardo Gehrts,2009,24,Marketing,52,UA,Kodyma
Swept Away (Travolti da un insolito destino nell'azzurro mare d'Agosto),Melvin Duester,1992,85,Training,81,CN,Shuiche
Bloodline,Maddi Fleming,2009,32,Accounting,96,PK,Hujra
"Descent: Part 2, The",Tadio Lorriman,2003,17,Sales,24,RU,Orsk
"Adventures of Sebastian Cole, The",Lancelot Flamank,1999,20,Business Development,93,US,Montgomery
A Cinderella Story: Once Upon a Song,Katie Aldington,1997,4,Training,47,PT,Chavão
Thieves by Law (Ganavim Ba Hok),Clarette Rablan,2001,39,Engineering,64,CN,Ganyi
"Girls, Les",Aggie Berrigan,2003,78,Services,66,CN,Tangjiawan
Trans,Eamon McSaul,1993,52,Training,80,RU,Ekazhevo
"Town is Quiet, The (Ville est tranquille, La)",Billye Finnimore,1995,90,Research and Development,99,CN,Fengcheng
Cure,Cherilyn Mayoral,2008,92,Legal,82,CN,Sanjiang
Drift,Allen Rangall,2002,83,Training,97,CN,Huliao
"War on Democracy, The",Moyna Duchasteau,2009,83,Business Development,25,VU,Isangel
Anima Mundi,Langston Borges,2001,34,Support,64,ID,Kenarilang
Wild Bill,Fernandina Afield,2000,73,Accounting,50,JP,Himi
"Lost, The",Arley Lantuffe,2002,68,Human Resources,4,CN,Pingdong
Coffin Rock,Diane Cockerton,2003,32,Legal,43,PA,Agua Buena
"Life of Emile Zola, The",Stanleigh Coorington,1992,21,Product Management,31,MX,Emiliano Zapata
"Indian Runner, The",Ruthi Skinn,2011,4,Business Development,18,AR,Rufino
Medora,Terrel Howling,1989,64,Legal,16,CZ,Lišov
Coriolanus,Cosme Gotthard.sf,2010,85,Sales,26,CN,Nanyi
Cremaster 5,Davida Priden,1996,31,Accounting,78,UA,Kostyantynivka
Palindromes,Deva Fairley,2003,66,Training,64,NG,Gwandu
Not My Type,Eugenie Dougherty,2007,76,Engineering,97,SE,Skövde
First a Girl,Arri Brierton,1994,98,Engineering,46,CN,Qianzhou
Snow White,Lea Bonellie,2004,43,Accounting,80,PH,San Juan
A Gathering of Eagles,Lewiss Barde,1996,82,Support,62,TG,Bafilo
OKA!,Alidia Tydeman,2005,99,Support,100,MA,Rabat
Around the World Under the Sea,Bernete Castagnaro,2002,17,Business Development,91,AF,Nīkêh
Brother (Hermano),Cross Melato,2004,61,Business Development,56,MK,Demir Hisar
Trainer on the Beach 2,Saraann Vedenichev,1997,9,Support,2,FR,Alfortville
Electra Glide in Blue,Jojo MacKessock,2010,75,Product Management,29,KM,Chandra
Peeping Tom,Theressa Larroway,1993,40,Legal,29,RU,Rostokino
Matrimonial Comedy (Komedia malzenska),Jo-anne Benettolo,2004,27,Accounting,56,LV,Berģi
The War at Home,Paolina Giacomoni,1992,46,Support,19,MN,Hashaat
Charlie Chan in Panama,Jean MacAfee,2012,29,Research and Development,30,PT,Meirinhas
Bonnie and Clyde,Benedict Pizey,2005,7,Sales,96,SE,Skellefteå
Bloody Birthday,Beth Hurles,2003,18,Support,93,CN,Qincheng
Fat Albert,Stanleigh Penwright,1997,17,Support,86,GR,Oinófyta
To the Shores of Tripoli,Constantin Byrth,2004,78,Research and Development,95,UA,Vyshneve
October Baby,Chaddie Rodell,1969,71,Accounting,61,AR,Venado Tuerto
Farewell to Matyora,Hamilton Gillam,1997,51,Services,27,ID,Rote
Trading Places,Georg Shavel,2005,29,Training,44,MU,Espérance Trébuchet
Lost in Space,Adamo Paschke,1989,23,Research and Development,81,GR,Áno Liósia
"Lost Honor of Katharina Blum, The (Verlorene Ehre der Katharina Blum oder: Wie Gewalt entstehen und wohin sie führen kann, Die)",Patti Di Antonio,2001,53,Research and Development,2,MA,El Aïoun
"Limey, The",Nikola Coleshill,2004,56,Marketing,49,PL,Piasek
"Taira Clan Saga, The (Shin heike monogatari)",Cordy Wonfor,1987,20,Marketing,40,KM,Oussivo
Sublime,Harris McKinnon,1985,3,Marketing,95,US,Las Vegas
"Enforcer, The",Ira Teague,1992,100,Sales,88,CN,Shankeng
Seaside (Bord de Mer),Dianna Gowdridge,1988,83,Legal,15,CN,Jingxin
Snakehead Terror,Hector Bamb,1994,28,Business Development,77,UA,Bilhorod-Dnistrovs’kyy
"Jackal, The",Meghann Filippo,1994,52,Engineering,47,CN,Nehe
Maximum Overdrive,Antonella Ceaser,2004,97,Research and Development,29,PL,Pantalowice
Cockneys vs Zombies,Peterus Bolan,1993,63,Services,31,CN,Marelesu
Duel at Diablo,Muhammad Valde,2006,50,Human Resources,75,CN,Luopu
"Likeable Mister R, The (Simpaticul domn R)",Lucretia Fairbourne,2012,59,Training,71,RS,Voždovac
"Egg and I, The",Patty McGurn,2004,18,Support,95,SI,Idrija
Far Out Isn't Far Enough: The Tomi Ungerer Story,Emilia Pontefract,2006,80,Training,69,CN,Nanqiao
Cinderella Man,Darbie Terzza,2007,84,Support,4,CN,Taoyuan
"Ivan the Terrible, Part Two (Ivan Groznyy II: Boyarsky zagovor)",Lorne Baitman,2007,71,Business Development,42,ID,Sukakerta
"Untouchables, The",Cyrill Rousel,2010,48,Services,92,US,Grand Rapids
"Flame of New Orleans, The",Zollie Pomphrett,2011,88,Business Development,15,CZ,Řehlovice
Show People,Wyndham Byrcher,2012,48,Services,26,GR,Dimitsána
Cadillac Man,Kleon Rosenauer,2004,87,Product Management,16,BS,Governor’s Harbour
Beautiful Boxer,Hercule Lankham,1996,56,Accounting,28,BO,Vallegrande
"Sandlot, The",Mack Saich,1996,89,Research and Development,38,HR,Žrnovo
New York Cop (Nyû Yôku no koppu),Townie Moulds,2004,65,Human Resources,49,MA,Tamorot
Infernal Affairs (Mou gaan dou),Meade Hamblett,2011,84,Accounting,15,CN,Shanhou
Killing Words (Palabras encadenadas),Daryn Swoffer,1996,58,Human Resources,83,PL,Sępopol
Breaking Point,Maire Perocci,2002,4,Support,54,CN,Hezhang
All Quiet on the Western Front,Mae Trenbay,1998,25,Accounting,33,BF,Kombissiri
If Only,Honoria Shine,2006,28,Marketing,42,ID,Siwalan
Forbidden,Sydney Samarth,2011,81,Legal,28,MX,Lazaro Cardenas
"Lives of a Bengal Lancer, The",Desmund Drewett,2009,23,Research and Development,30,PH,Lapaz
"Demon in My View, A (Der Mann nebenan)",Patrica Orwin,1993,54,Training,74,ID,Balongmulyo
Bob Saget: That Ain't Right,Harmon Borrows,2010,61,Marketing,96,UA,Kulykiv
White Night (Hvid nat),Almire Scathard,1988,11,Engineering,5,ID,Taman
Two Sisters from Boston,Gwendolyn McCallion,2003,91,Services,30,PA,Cusapín
Stargate: Continuum,Loree Eacle,1995,90,Business Development,37,CN,Baisha
Unmade Beds,Krystyna Wilshere,2010,70,Engineering,81,ID,Bijeli
Sydney (Hard Eight),Hubey Atwell,2005,75,Services,100,BR,Sousa
Grateful Dawg,Law Barkly,2012,94,Services,88,PL,Winnica
Role/Play,Pammie Leif,2004,37,Human Resources,55,CN,Xuhui
Autopsy,Pen Schinetti,1985,59,Services,74,CA,Rivière-du-Loup
Hit the Bank (Vabank),Christiane Bartke,2008,9,Sales,36,CN,Datong
All Things Fair (Lust och fägring stor),Silvan Carette,2006,51,Business Development,25,JP,Kashima-shi
The Anderssons in Greece: All Inclusive,Poppy Bruniges,2011,46,Training,97,ID,Balong
Passion Play,Morty Tomaskov,1994,87,Research and Development,21,EH,Dakhla
Summer with Monika (Sommaren med Monika),Darrin Childerley,2005,11,Accounting,88,AR,General Manuel J. Campos
Narrien illat ,Winonah Prose,1993,45,Business Development,95,CN,Sunjia Buzi
Skin Deep,Rudiger Polland,1995,45,Accounting,19,US,Omaha
Nightmare,Robbin Sleford,2000,32,Services,6,RU,Nyazepetrovsk
Fired Up,Rosamund Trusslove,1955,85,Research and Development,90,CN,Yuqian
Let My Puppets Come,Farand Shrimpton,2011,34,Product Management,75,CN,Lisui
"Little Mermaid 2: Return to the Sea, The",Aura McComas,1998,51,Accounting,82,BY,Dowsk
Answer This!,Marlena Matys,2000,8,Accounting,84,UY,Dolores
Black Legion,Suzi Bruun,2009,92,Research and Development,46,PL,Pępowo
Last Tango in Paris (Ultimo tango a Parigi),Charity Spohr,1993,46,Training,33,PT,Queluz de Baixo
"Happiest Days of Your Life, The",Richmound Fosdike,1999,67,Business Development,82,SE,Kungälv
Isolation,Doug Druce,2006,11,Business Development,88,CN,Maji
Knocked Up,Mirelle Lilford,1994,11,Research and Development,34,BR,Guaratinguetá
Grandmother,Bary Dillon,1994,33,Human Resources,27,CU,Madruga
Beyond Rangoon,Minette Vuitte,2006,78,Human Resources,34,ID,Singosari
Safe Passage,Honey Goatman,2006,31,Engineering,57,AL,Gradishtë
"Man from Snowy River, The",Theodosia Tooting,1992,89,Support,77,RU,Ramenki
Winning Streak,Raymond Bonds,1987,4,Training,38,ID,Cibinong
Plastic Paradise: The Great Pacific Garbage Patch,Arte Yeandel,2002,66,Human Resources,48,BR,José de Freitas
Witless Protection,Tadio Scullion,1993,13,Engineering,12,CN,Tianzishan
Shadows of Our Forgotten Ancestors (Tini zabutykh predkiv),Gram Mangenet,1994,59,Accounting,35,HN,Marcala
Ulee's Gold,Hugo Zecchinii,1996,47,Support,74,RW,Kigali
Armored Car Robbery,Erinn Kelcher,2000,61,Training,100,AR,Clorinda
Do the Right Thing,Harrison MacSorley,2012,46,Research and Development,98,CN,Yixi
Float,Lazare Kreuzer,2008,17,Sales,41,PT,Fornos
Tom Sawyer,Renaldo Westphalen,2002,86,Sales,51,TR,Yeniköy
"Merchant of Four Seasons, The (Händler der vier Jahreszeiten)",Kaspar Androlli,2008,15,Legal,75,JP,Okaya
Happy We (Två killar och en tjej),Myrtia Stuer,1997,47,Accounting,52,MK,Радишани
Blind Pig Who Wants to Fly (Babi buta yang ingin terbang),Eberto Finkle,2012,76,Product Management,55,PE,Pucacaca
Spread,Bastian Corhard,1988,10,Product Management,99,ID,Cihaur
Mr. Warmth: The Don Rickles Project,Nathanial Bosden,1993,53,Accounting,51,CN,Shengshan
Children of the Corn,Walden Brookhouse,2007,7,Engineering,71,CN,Leiyang
Underworld: Awakening,Gretchen Elles,2004,62,Accounting,72,JP,Kameyama
Smooth Talk,Matteo Dilks,1999,8,Product Management,93,GR,Pithári
"Macbeth (a.k.a. Tragedy of Macbeth, The)",Rodney Burgis,2012,68,Business Development,98,SE,Valbo
Synchromy,Trudi Lacelett,1997,40,Human Resources,10,ID,Karangbungur
The Wait,Seana Ixor,1996,47,Business Development,25,ID,Peuara
"Silver Chalice, The",Franz Leethem,1999,63,Marketing,45,PE,Potoni
LOL (Laughing Out Loud),Hatti Heys,2004,25,Legal,55,UY,Mariscala
Summer and Smoke,Andre Caldwall,1993,16,Services,56,CN,Zhanghekou
"Adventures of Mark Twain, The",Svend Armour,1994,15,Product Management,75,CN,Wenshui
Turn Left at the End of the World (Sof Ha'Olam Smola),Natalina Farraway,1989,61,Training,64,CN,Yuefeng
Urgh! A Music War,Forest Sussans,2000,89,Engineering,19,MN,Javarthushuu
No Turning Back,Leland Grishakov,1988,15,Business Development,25,PT,Paderne
Kiss Me Goodbye,Hastie Semple,2009,7,Human Resources,74,KG,Kyzyl-Kyya
Nativity 2: Danger in the Manger!,Jocelyne Bastie,2010,4,Human Resources,54,CN,Shiguai
"Giant of Marathon, The (Battaglia di Maratona, La)",Cirilo Pauley,2007,57,Legal,7,CN,Jiulongshan
"Trip to the Moon, A (Voyage dans la lune, Le)",Vitoria Laskey,1996,21,Marketing,83,HR,Dubrava
Once Upon a Time in Anatolia (Bir zamanlar Anadolu'da),Nelson Gunderson,2007,73,Business Development,88,FR,Roissy Charles-de-Gaulle
"Three Burials of Melquiades Estrada, The",York Tanfield,1985,19,Support,29,RU,Vilya
Meet the Spartans,Hephzibah Barensen,2012,100,Engineering,4,MX,Venustiano Carranza
Then I Sentenced Them All to Death (Atunci i-am condamnat pe toti la moarte),Jeddy Lanyon,2007,22,Training,74,ID,Seseng
Dry Summer (Susuz yaz) (Reflections),Brook Hanhardt,2001,70,Business Development,33,AF,Karukh
Typhoon (Tae-poong),Ariela Rennock,2011,27,Product Management,7,AF,Bala Murghab
Confidential Agent,Rebekkah Cocks,2009,29,Support,70,PH,Santo Domingo
Vatel,Berkly Guilder,2005,44,Marketing,18,SE,Nybro
Ghost Machine,Sidonnie Crossan,1992,19,Business Development,31,PH,Palagao Norte
Hell in the Pacific,Deane Piller,1997,40,Business Development,10,LV,Riebiņi
Blind Spot: Hitler's Secretary (Im toten Winkel - Hitlers Sekretärin),Elenore Fosserd,1992,94,Marketing,57,CN,Huaguo
Buffalo Bill,Rani Vieyra,1999,26,Product Management,32,PE,Bambas
Tromeo and Juliet,Gabriel Tibb,2001,36,Accounting,46,CN,Shigutang
Romanzo Criminale,Georgena Beneyto,2010,20,Marketing,15,SD,El Bauga
"Art of the Steal, The",Terrell Cordet,2007,13,Business Development,68,CN,Hongdu
"Place in the Sun, A",Wilow Ebrall,2003,24,Marketing,72,ID,Tuateta
Dimensions of Dialogue (Moznosti dialogu),Aggi Pietrzyk,2007,49,Legal,47,MK,Dolno Palčište
Stuart Little,Zabrina Billison,1992,42,Human Resources,82,BR,Monte Azul Paulista
Possible Worlds,Kitty Melross,1997,45,Human Resources,53,CN,Cishangang
The Car,Jacklin MacKimmie,2003,29,Training,1,BA,Donja Dubica
Hearts of Darkness: A Filmmakers Apocalypse,Alfi Wagstaffe,1995,58,Sales,63,RU,Kropotkin
Fahrenheit 451,Marcellus Durnall,1996,91,Human Resources,73,PH,Malabang
"Life Aquatic with Steve Zissou, The",Cameron Blankhorn,1992,64,Services,50,CZ,Rychnov nad Kněžnou
If You Could See What I Hear,Sebastian Wolffers,2002,64,Research and Development,19,CN,Tianqian
Mad Dog Time,Dallon Harefoot,1985,54,Research and Development,31,BD,Baniachang
Stop Making Sense,Tonnie Hockey,2003,91,Accounting,79,ID,Ratenggoji
Hell Drivers,Karlotta Mowsley,1988,21,Human Resources,100,ID,Semampirbarat
Two Queens and One Consort (Twee vorstinnen en een vorst),Mikael Krysztofiak,2012,58,Engineering,76,ID,Kembangkerang Satu
"Day at the Races, A",Sansone Schumacher,1993,26,Support,30,PE,Chacapalpa
Stuart Little 3: Call of the Wild,Sancho Soigoux,2003,7,Legal,96,CN,Caofang
Observe and Report,Vaughan Shawl,2010,97,Services,69,NO,Skien
Teachers,Caresa Shewring,2007,99,Sales,36,CN,Xinhua
Sometimes They Come Back... Again,Melonie Kitter,2009,81,Business Development,34,CZ,Velký Újezd
"Acadia Acadia?!? (L'acadie, l'Acadie)",Gilberta Merriott,1996,81,Services,26,CN,Ya’ergenchu
Enigma,Timothea Alwood,2011,46,Legal,72,CN,Jianxin
Hardboiled Egg (Ovosodo),Tedman Fonso,1986,90,Legal,2,ES,Gijon
The Siege of Firebase Gloria,Kathe Goggins,2012,1,Support,2,CN,Qi’an
Moonstruck,Osmund Knighton,2002,11,Engineering,37,GR,Kassándreia
Warrior,Josephine Jewel,2005,79,Training,83,CN,Danchang
Pigs and Battleships (Hogs and Warships) (The Flesh Is Hot) (Buta to gunkan),Kittie Burcher,2004,77,Training,16,PH,San Francisco
Fuga de cerebros,Hilarius Brolan,2010,53,Training,52,TO,Neiafu
Puppetry of the Penis: Live at the Forum (Puppetry of the Penis: The Ancient Art of Genital Origami),Mildrid Woodland,2008,31,Support,25,CN,Tengqiao
Don Jon,Nilson Goldson,2000,20,Research and Development,3,CA,Wabana
Leatherface: Texas Chainsaw Massacre III,Anita Hasard,2008,23,Training,31,BO,Riberalta
Cousins,Adelheid Godier,1996,52,Engineering,23,CA,Saint-Bruno-de-Guigues
Appointment with Danger,Sandro Bletsoe,2000,99,Marketing,52,BO,La Cueva
"Steal Big, Steal Little",Yoko Forrest,1996,34,Accounting,93,ID,Pangligaran
Sheitan,Deina Knath,2009,2,Marketing,35,PE,Bajo Pichanaqui
Blood and Bone,Burnard Adkins,2006,61,Support,17,XK,Orahovac
"Attack, The",Ryann Jurries,2000,36,Engineering,49,SN,Gandiaye
What Men Talk About,Alick Leif,1994,32,Accounting,77,PT,Bairro do Margaça
9 Month Stretch (9 mois ferme),Sandie Knowlton,2010,43,Sales,20,CO,Canalete
Please Give,Cassi Hilhouse,1999,61,Human Resources,20,US,Kansas City
Nobody Lives Forever,Amalea Gubbin,1995,49,Sales,52,CN,Huabeitun
"Terrible Kids (Enfants terribles, Les) (Strange Ones, The)",Hermine LAbbet,2009,63,Product Management,11,EG,Kafr az Zayyāt
Holy Man,Philis Godar,1995,54,Human Resources,80,FI,Kaustinen
Rage at Dawn,Brennan Sawney,2012,9,Human Resources,12,CA,Saint-Bruno-de-Montarville
"Nosferatu (Nosferatu, eine Symphonie des Grauens)",Ladonna Lampard,1999,35,Training,68,PE,Uticyacu
Promised Land,Heinrik Lytton,1994,52,Business Development,14,ID,Pamanukan
Daltry Calhoun,Idalina Woodruffe,1994,69,Human Resources,36,ID,Cibalieur
"Cruel Romance, A (Zhestokij Romans)",Stafford Wedge,2008,78,Sales,73,ID,Banjar Dharmasemedi
"Messenger, The (Ulak)",Arlana Elverston,1996,99,Business Development,28,FI,Karis
Gunday,Bendix Viner,1995,42,Marketing,72,LT,Viekšniai
The African,Gallagher Andreichik,1984,78,Accounting,88,AL,Fier
"Girl on the Train, The (La fille du RER)",Feodora Pedlar,1993,37,Legal,84,PH,La Libertad
Gaudi Afternoon,Ev Brouard,2010,50,Legal,82,JP,Tenri
Thank You a Lot,Teressa Smillie,2003,99,Business Development,1,PH,Cabog
Things You Can Tell Just by Looking at Her,Townsend Janodet,2009,29,Product Management,63,RU,Saratov
Flesh Gordon,Bamby Aggio,1988,12,Engineering,11,PH,Paitan Este
Exam,Alene Shiel,1993,1,Business Development,69,CN,Pu’an
Cargo,Auroora Spino,2002,70,Services,98,RU,Kuz’minskiye Otverzhki
Where the Road Meets the Sun,Heidi Harmon,2006,1,Human Resources,43,KW,Ḩawallī
The Land Before Time VI: The Secret of Saurus Rock,Winnah Dekeyser,2005,61,Engineering,21,PL,Łazy
Band Baaja Baaraat,Elspeth Kid,2004,21,Marketing,84,UA,Smyga
Miss Congeniality,Jaimie McMoyer,2004,35,Human Resources,6,CN,Xibu
"Proud and the Beautiful, The (Orgueilleux, Les) (Proud Ones, The)",Saraann McGuinness,2005,78,Business Development,39,ID,Jembangan
Return of the Killer Tomatoes!,Marinna Palfreeman,2008,28,Sales,48,CN,Jinzhuang
This Movie Is Broken,Hildegaard Covotti,2005,16,Marketing,96,PH,Santa Lucia
Monsterman (Monsterimies),Sauveur Skade,2008,52,Sales,36,CN,Beizhouzi
WarGames,Stephie Bohlmann,1986,99,Product Management,100,CO,Ibagué
Up!,Broddy Pezey,1992,93,Support,1,ID,Napu
"Breaktime, The (Zang-e Tafrih) (Recess)",Rodina Chidwick,2012,45,Services,65,US,Saint Louis
Bad Girl Island (Sirens of Eleuthera) (Sirens of the Caribbean),Kelby Tripean,2008,17,Training,49,ID,Kalidawe
Tarzan Finds a Son!,Quinton Manilow,1999,15,Product Management,11,CN,Mingguang
"Bobby Jones, Stroke of Genius",Ring Thon,2000,97,Business Development,40,PT,Pinhal General
She Done Him Wrong,Nevin Spollen,1994,6,Support,28,EC,La Troncal
Eros (Men and Women) (Noite Vazia),Charmine Need,2006,24,Sales,84,CN,Zhanlong
"Crimson Rivers 2: Angels of the Apocalypse (Rivières pourpres II - Les anges de l'apocalypse, Les)",Donnie Vala,2002,93,Marketing,62,CN,Lixi
Eye for an Eye,Mirella Dermot,2008,21,Support,62,SE,Falköping
Batman Forever,Delmar Chinnery,2011,30,Support,73,MY,Kuching
Shooting War,Albina Teal,2011,30,Support,44,CN,Hengjiang
Tokyo Fist (Tokyo ken),Shanon Stetlye,1998,98,Product Management,48,RU,Tëplaya Gora
"Adventures of Picasso, The (Picassos äventyr)",Hilde Thornton-Dewhirst,1992,42,Accounting,34,PH,Nagpandayan
Female Trouble,Quill Gringley,1988,49,Business Development,64,CN,Hechuan
Love and Other Drugs,Justinian Causton,1995,45,Legal,49,PH,Sagud-Bahley
'Neath the Arizona Skies,Latrina Micklewright,2001,22,Support,43,NO,Oslo
Tali-Ihantala 1944,Suzie Agus,1993,28,Marketing,63,LY,Zalţan
Turbo,Zia Abbati,1996,2,Accounting,55,SE,Olofström
Sarafina!,Guthrey Emmerson,2011,12,Sales,19,PT,Alcácer do Sal
Saving Shiloh,Brantley Grunwald,1992,20,Sales,88,PH,Claveria
"Delicate Balance, A",Kermie Pevsner,2000,27,Product Management,59,CA,Delson
Greyfriars Bobby (a.k.a. Greyfriars Bobby: The True Story of a Dog),Georgianna Yetts,2003,46,Product Management,41,CI,Séguéla
Commander Hamilton (Hamilton),Adoree Aleksashin,1999,94,Services,53,KP,Hyesan-si
Street Fighter II: The Animated Movie (Sutorîto Faitâ II gekijô-ban),Duky Poel,1992,6,Support,66,SE,Luleå
Naked Lunch,Marlene Rosini,2006,42,Human Resources,25,JP,Gose
Herb & Dorothy,Susy Schall,2012,55,Sales,50,CN,Xuancheng
Neighbouring Sounds (O som ao redor),Kristy Smullin,2010,97,Business Development,8,MX,San Antonio
Bean,Willis Ingham,2011,96,Legal,58,PH,Lapuz
Venus Beauty Institute (Vénus beauté),Dianne Casali,2004,60,Accounting,33,CN,Yuanmou
Blood Moon,Charity Good,2004,10,Support,99,LV,Varakļāni
Bright Lights (Adventures in Africa),Ruthe Matous,2002,82,Product Management,81,CN,Jiaoziya
Fandango,Kayla Readett,2009,18,Legal,14,CN,Muyi
"Seagull's Laughter, The (Mávahlátur)",Catlee Slark,1994,28,Product Management,15,CN,Shangqiu
Division III: Football's Finest,Winny Brissard,2008,70,Business Development,35,RU,Novosin’kovo
Casual Relations,Davey Litel,1988,58,Sales,27,JP,Niihama
"Short Film About John Bolton, A",Glenn Cregeen,2011,17,Legal,89,MN,Darhan
The Happy Road,Sophey Wateridge,2000,13,Marketing,97,PH,Tartaro
Just Write,Kathe Abate,2007,45,Human Resources,58,MN,Shiree
Kummeli Goldrush (Kummeli kultakuume),Bailie Cokely,2009,85,Services,59,BO,Uyuni
Black Rock,Alyda Buye,1989,81,Product Management,55,PT,Sever do Vouga
"Name of the Rose, The (Name der Rose, Der)",Camellia Zorzenoni,1992,82,Legal,89,VN,Tiên Phước
Harum Scarum,Lenna Dawidowsky,1998,85,Legal,100,CN,Biyong
Who Wants to Kill Jessie? (Kdo chce zabít Jessii?),Arabella Breit,2000,72,Accounting,35,CI,Songon
Soo (Art of Revenge),Kerrie McGourty,2011,87,Engineering,84,RU,Rostokino
Nicht mein Tag,Lucias Evert,2003,24,Engineering,24,CN,Yitang
Iraq in Fragments,Jilli Longcaster,2005,25,Human Resources,90,CU,Río Guayabal de Yateras
Goats,Berna Bonnick,2003,30,Training,70,ID,Sukamulya
Chaos,Spike Rotlauf,2009,30,Legal,69,RU,Bogandinskiy
Color of Night,Roderick Gounot,2009,92,Legal,59,HR,Gospić
Industrial Symphony No. 1: The Dream of the Brokenhearted,Marshall Davidek,2002,60,Research and Development,80,CN,Yeshan
Night of the Comet,Bettine Gilders,1988,91,Accounting,2,PH,Daraitan
When Nietzsche Wept,Conchita Rolance,1995,32,Services,5,CN,Shifan
"Deceivers, The",Shurlocke Tschursch,2011,96,Sales,74,MK,Ранковце
Surviving the Game,Arnaldo Wardesworth,2013,86,Accounting,5,CZ,Rychvald
Boo to You Too! Winnie the Pooh,Thornton Tiffin,2005,98,Research and Development,44,GR,Siteía
10 minutes (10 minuta),Rollo Daveridge,1997,38,Sales,38,SE,Markaryd
Katatsumori,Pall Wolfindale,1955,74,Product Management,86,JO,‘Izrā
Fast Lane,Edy O Sullivan,2011,72,Business Development,47,CZ,Vnorovy
"Herod's Law (Ley de Herodes, La)",Rolland Rogans,2010,40,Engineering,50,CN,Haokou
Sanatorium,Edythe Domoni,1995,27,Human Resources,96,PL,Niebylec
Riot on Sunset Strip,Abbey MacSharry,2010,41,Legal,19,BR,Mirador
Destiny Turns on the Radio,Nadeen Cicconetti,1986,99,Marketing,80,ZW,Chegutu
"Story of Luke, The",Jud Copelli,1968,34,Business Development,43,SS,Yambio
Man's Favorite Sport?,Teriann Auty,2012,28,Sales,75,ID,Doropayung
Trek Nation,Gussie Balmann,2001,45,Research and Development,89,ID,Pasarbaru
"Anniversary, The",Halie Killough,2010,47,Training,28,PH,Guiuan
"O-Bi, O-Ba - The End of Civilization (O-bi, O-ba - Koniec cywilizacji)",Kristan Novak,2010,21,Sales,75,RU,Uryupinsk
Lady Snowblood (Shurayukihime),Osbourne Stolting,1964,4,Marketing,28,PT,Santa Cruz das Flores
In Search of a Midnight Kiss,Lyndel Findlater,1985,28,Sales,49,PH,Prinza
Fletch Lives,Britta Egre,2001,17,Sales,67,CN,Niutang
Ironclad 2: Battle for Blood,Berte Pennazzi,2007,59,Engineering,84,ID,Congkar
Hellhounds on My Trail,Christean Jennemann,1992,23,Engineering,57,CN,Chahe
"Ladies Man, The",Celestyn Maber,1988,51,Human Resources,63,FR,Metz
Take the High Ground!,Nancee Dawe,2005,74,Business Development,89,ID,Nunhala
Operation Crossbow,Adelice Pumfrey,2007,33,Services,14,CN,Baxiangshan
Roadkill (a.k.a. Roadkill: Move or Die),Guthrie Robison,1996,84,Research and Development,10,CN,Wangpu
Santos,Mozes Ormes,2009,100,Product Management,9,CA,Selkirk
Thank Your Lucky Stars,Marv Birckmann,1998,75,Support,15,BG,Kŭrdzhali
Porky's,Tedd Giocannoni,1997,3,Training,21,RU,Pechora
Chinese Odyssey 2002 (Tian xia wu shuang),Genvieve Ballsdon,2000,12,Sales,98,CN,Bayang
No Logo,Kally Cankett,1994,28,Legal,52,FM,Pisaras
Fall of the Republic: The Presidency of Barack H. Obama,Berti Munn,1998,19,Product Management,7,ID,Krajan Tanjungrejo
"Devil's Ground, The",Halsy Reynolds,1993,50,Research and Development,35,RU,Lesnoy
In Vanda's Room (No Quarto da Vanda),Hasty Lubomirski,2006,22,Business Development,52,PT,Santo Amador
Rage,Lucian Nuccii,1996,47,Services,89,FR,Amiens
Driving Lessons,Grayce Hails,2000,27,Marketing,19,ID,Lokuuy
Thomas Jefferson,Eartha Qusklay,1989,84,Engineering,89,IQ,Hīt
Die,Darnall Hellens,2006,27,Legal,85,HN,Santa Rosa de Aguán
Young Tom Edison,Jaime Purchon,1994,71,Business Development,90,ID,Pancoran
Tremors 4: The Legend Begins,Kirsteni Groneway,2003,84,Human Resources,97,JP,Ibara
"Ugly, The",Miquela Itzkovwich,2009,29,Business Development,41,RS,Kikinda
Choppertown: The Sinners,Alonzo Skudder,2009,2,Human Resources,38,CM,Loum
"Patriot, The",Moises Fairchild,1993,79,Sales,39,ID,Kaliwates
Plunkett & MaCleane,Jess Millery,1986,14,Support,17,HN,Amapala
Werckmeister Harmonies (Werckmeister harmóniák),Kelley Kurten,1979,41,Research and Development,81,PE,Ccuntuma
Berlin Express,Maisie Pinney,2012,43,Accounting,53,CO,Mariquita
"Trials of Oscar Wilde, The",Arvie Fowler,1999,86,Engineering,81,PT,Lomba do Loução
Thin Ice,Deane Worley,1995,75,Legal,77,CV,Calheta
Heart of Dragon (Long de xin),Hyman Dyte,2013,87,Legal,11,LK,Sri Jayewardenepura Kotte
Two Lovers,Paolina Banham,2002,2,Research and Development,29,MX,Lindavista
"Diary for Timothy, A",Leia Domb,1992,97,Legal,97,NI,Las Sabanas
"Power of Nightmares, The: The Rise of the Politics of Fear",Bealle Durward,2013,33,Support,61,CN,Zhonghuopu
Floods of Fear,Viviyan Attrill,1989,19,Research and Development,26,CN,Honghualiangzi
Plutonium Circus,Rochelle Millea,2007,24,Training,83,CN,Nanxing
Curse of the Blair Witch,Albert Kinsman,1989,7,Engineering,95,CN,Heshui
Private Hell 36,Grannie Butrimovich,1963,52,Sales,50,HR,Baška Voda
Becoming Jane,Saunders Frenchum,1991,9,Sales,2,ID,Pondokaso
"Not for or Against (Quite the Contrary) (Ni pour, ni contre (bien au contraire))",Savina Paradyce,2009,82,Support,19,CN,Taozhuang
The .44 Specialist,Valaree Antoniottii,2007,93,Research and Development,17,CA,Hearst
Restoration,Lorin Linnemann,1984,77,Human Resources,70,SE,Stockholm
The Violent Professionals,Cassi Croley,2003,86,Legal,19,CN,Fuliang
"Bridal Party in Hardanger, The (Brudeferden i Hardanger)",Ellwood Buckeridge,1993,46,Human Resources,17,KZ,Tekeli
Wuthering Heights,Wiley Gaine of England,2009,56,Product Management,83,ID,Jatirejo
"Last Run, The",Shaughn Tapply,1997,4,Product Management,31,RU,Vazhiny
Bad Company,Merrill Jagoe,2012,67,Services,9,ID,Olejet
28 Up,Pip Cloney,1994,1,Support,59,UY,San Javier
"Henry: Portrait of a Serial Killer, Part 2",Lucian McCrisken,1993,69,Legal,13,ID,Seren Barat
Tremors II: Aftershocks,Claribel Burnham,2012,44,Legal,96,CN,Zhongxing
Monster in a Box,Ester Jorissen,2005,43,Support,11,AF,Now Zād
The Bronze,Pernell O' Sullivan,1995,2,Training,48,CN,Binhailu
Survival Island (Three),Henry Whittier,1993,55,Business Development,36,ID,Lohayong
Mr. Baseball,Cristen Thurner,2004,69,Training,81,RU,Svetlogorsk
Mad City,Alexi Bartoszewicz,2011,48,Marketing,65,ID,Karangranjong
"Untouchables, The",Paulette Lemmanbie,2010,16,Human Resources,73,CN,Long’an Chengxiangzhen
Take Shelter,Glen Persich,1985,20,Business Development,33,CN,Wangcun
"Edge, The (Kray)",Merle Munson,2007,25,Engineering,94,CN,Wangmeng
For a Lost Soldier (Voor een Verloren Soldaat),Gerhard Wiltshaw,1990,75,Legal,90,GT,San Pedro Jocopilas
Twice Upon a Time,Kittie Tattoo,1993,25,Support,35,JM,Cambridge
If Lucy Fell,Gustaf Ambrus,2002,57,Human Resources,81,ID,Aengceleng
Impulse,Arlen Bucklan,2003,5,Product Management,7,CN,Huang’ao
"King of Comedy, The",Gerrard Bierman,1987,67,Product Management,81,FR,Le Mans
"Study in Choreography for Camera, A",Fidelity Stovin,2003,66,Human Resources,88,PH,San Miguel
"Girl, Positive",Ada Mateiko,2005,22,Accounting,8,TH,Ban Mo
Inseparable,Barn Madigan,2004,9,Engineering,57,BR,Pancas
"Place Beyond the Pines, The",Jaime Peat,2010,78,Accounting,20,RU,Grazhdanskoye
'71,Aharon Wasbrough,2008,13,Research and Development,84,ID,Sadar
"Child, The",Herculie Sinderland,2001,40,Product Management,33,CZ,Loučná nad Desnou
Joe,Marni Franzolini,2000,82,Research and Development,100,MA,Tiout
End of Days,Orton Puckett,2008,59,Engineering,78,RU,Mayma
"Great Flamarion, The",Laurianne Danbi,2011,11,Marketing,95,HT,Quartier Morin
Mad Bastards,Mavis Stedman,2001,32,Engineering,45,ID,Banda Layung
4 Little Girls,Wylie McEntee,2007,42,Sales,77,PL,Mikstat
Evolution,Dewie Caley,1994,66,Human Resources,81,BR,Lauro de Freitas
36 fillette,Lem Ringer,1998,58,Product Management,93,GH,Obuasi
"Rendez-vous d'Anna, Les (Meetings of Anna, The)",Alie Parsonson,2004,50,Services,17,TH,Si Prachan
Silkwood,Iggy Sommerfeld,1996,79,Product Management,68,GR,Prámanta
"Wonderful, Horrible Life of Leni Riefenstahl, The (Macht der Bilder: Leni Riefenstahl, Die)",Merry McKirdy,1991,6,Engineering,64,CN,Xiaoling
Twice Upon a Time,Lorenza Rankine,2009,88,Business Development,13,CN,Dongli
How to Stuff a Wild Bikini,Kayle Yetts,1997,9,Research and Development,71,PL,Kobiernice
Neds,Lacy Lanfear,2003,69,Human Resources,6,CZ,Buštěhrad
"Passion of Darkly Noon, The",Hi Stapley,2007,20,Services,49,FR,Rungis
Molière,Timmi Hartropp,2003,99,Research and Development,56,GA,Mayumba
Chasing Beauty,Nigel Hinge,2002,17,Business Development,48,MU,Poste de Flacq
Paris Blues,Steffie Michallat,2002,20,Research and Development,73,IE,Drumcondra
Friends with Money,Corly Lampard,1996,65,Accounting,22,MY,Melaka
Falling Awake,Maurita Burdoun,1997,86,Business Development,76,HN,Río Blanquito
Stiff Upper Lips,Lizette D'Oyley,2012,47,Training,48,ID,Suban Jeriji
Examined Life,Colby De Roos,2003,14,Research and Development,66,MG,Ampasimanolotra
The Pokrovsky Gates,Miof mela Waterfall,2007,11,Training,45,LB,Bcharré
Whoopee!,Moreen Skowcraft,1998,66,Product Management,98,MX,Loma Bonita
"Shepherd: Border Patrol, The",Tobie Van Halle,2011,38,Engineering,24,PE,Tisco
Penguins of Madagascar,Fairleigh Stump,2010,10,Training,53,US,Salt Lake City
"Go-Between, The",Cesar Bellay,2004,79,Business Development,31,PH,Dangcalan
Crocodile Dundee II,Kora Huge,2001,28,Marketing,74,BR,Cubatão
Trapped Ashes,Terence Smythin,1986,36,Accounting,31,MX,Benito Juarez
Garbo the Spy (Garbo: El espía),Alvie Grahame,1987,82,Marketing,12,CN,Yunlu
Happy Birthday to Me,Ingrim Crichmer,2001,33,Accounting,13,BR,Poços de Caldas
Ronal the Barbarian,Simonette Downey,2005,15,Business Development,62,AO,Lubango
Nora's Will (Cinco días sin Nora),Claretta Nollet,2005,17,Marketing,14,AF,Āsmār
Con Air,Godfrey Ciccottio,2009,27,Research and Development,7,CN,Yuanyang
"Bamba, La",Neddie Bessant,2003,53,Research and Development,62,PH,Bone South
Defiance,Lem Hitter,1994,81,Sales,26,PH,Sabang
Brother (Brat),Hartwell Guillot,1985,25,Product Management,77,CN,Xiaolukou
"Last Laugh, The (Letzte Mann, Der)",Tallou McCromley,1983,70,Product Management,65,CN,Junxi
The Connection,Lurette Caesmans,1992,5,Accounting,50,ID,Sasa
3 Little Ninjas and the Lost Treasure,Daniel Garrit,1993,97,Training,30,FR,Chartres
Jailhouse Rock,Hannis Janicek,2004,53,Business Development,51,PH,Bonga
"Apparition, The",Raymund Rosenwasser,1985,32,Training,34,ID,Patalan
"Long Weekend, The",Mace Fermer,2007,80,Business Development,58,ZA,Lydenburg
Shadow Magic,Lyndell Thor,2007,10,Business Development,3,PH,Baclayon
Seventh Horse of the Sun  (Suraj Ka Satvan Ghoda),Lemuel Roussel,1989,20,Sales,73,UA,Mizoch
Hallelujah!,Read Margery,2011,42,Research and Development,35,AL,Vlorë
Werner - Volles Rooäää,Sansone Malicki,2013,66,Services,95,RU,Budënnovsk
Earth vs. The Spider,Blondelle Plank,1985,31,Research and Development,5,PE,Pocsi
"Iran Job, The",Petra Rulten,1992,68,Engineering,77,PE,Mache
Waiting for Forever,Zilvia Coppock.,1992,11,Business Development,72,PE,Taraco
Rodan (Sora no daikaijû Radon),Amelie Fetterplace,2008,80,Legal,20,CN,Pingtan
Super Rich: The Greed Game,Michell Netherclift,1998,23,Services,35,US,Rockford
Gods and Generals,Brenden Hosburn,1957,5,Human Resources,85,RU,Tyukalinsk
"Independent, The",Janel Alford,2004,8,Business Development,21,ID,Lamalera
Bunraku,Peri Philippart,2007,54,Services,9,SY,Ḩarastā
Single White Female 2: The Psycho,Valentijn Aucourte,2003,71,Support,20,AG,Liberta
"Women on the 6th Floor, The (Les Femmes du 6ème Étage)",Merrilee Westbrook,2002,82,Training,55,AF,Nahrīn
Games of Love and Chance (L'esquive),Benedick Vaszoly,2003,15,Legal,32,BR,Juazeiro do Norte
Philomena,Gabie Theseira,2001,13,Marketing,28,RU,Novokhovrino
Dominion Tank Police (Dominion),Klara Seiffert,1992,89,Business Development,38,SE,Tranås
My First War,Kathryn Staniland,1993,92,Engineering,28,CO,Campoalegre
Corpo Celeste,Hartwell Lawrey,1999,20,Marketing,100,US,Seattle
Mr. Deeds,Meyer Blackburn,2010,60,Support,95,HR,Kuče
Read It and Weep,Collin Giacobilio,2002,70,Services,89,BR,Timbiras
"To Do List, The",Fallon Ben-Aharon,2001,70,Business Development,82,SE,Bromma
Wonderful Days (a.k.a. Sky Blue),Ursala Rotchell,1994,81,Services,53,CN,Pantian
"Paralyzing Fear: The Story of Polio in America, A",Floyd Wedon,2003,77,Sales,89,CA,Magog
Cargo,Kevin Witcherley,1996,33,Sales,32,JO,Al Kittah
Going Overboard,Cordelie Claxton,2009,68,Engineering,41,ID,Kotabaru
Jackass: The Movie,Colleen Martensen,1990,68,Sales,89,EC,Cayambe
"Adventures of Sharkboy and Lavagirl 3-D, The",Evonne Vandenhoff,1963,99,Research and Development,78,BG,Isperikh
Gallipoli,Montgomery Clemensen,1997,50,Product Management,81,CA,Waterloo
Pinky,Othelia Kulis,2000,19,Engineering,87,SO,Marka
"Indian Runner, The",Leigh Shave,2008,42,Marketing,39,KH,Stung Treng
My Brother the Terrorist,Brnaba Codron,2006,95,Services,61,AZ,Mardakyany
"Nosferatu (Nosferatu, eine Symphonie des Grauens)",Abran Mogie,2008,74,Research and Development,5,EG,Al Fayyūm
All In This Tea,Bev Slopier,2009,82,Product Management,34,TH,Ban Na San
"Jazz Singer, The",Tabby Ravenshaw,2009,22,Human Resources,46,JP,Shinshiro
"Yank in the R.A.F., A",Farra Jodrelle,1996,41,Engineering,100,NZ,Taipa
Bustin' Loose,Idaline Avrahamof,2006,43,Sales,38,VN,Minh Lương
Along the Ridge (Anche libero va bene),Norean Ingham,2000,61,Marketing,1,PT,Tarouca
White Men Can't Jump,Bryon Dimeloe,2010,96,Research and Development,54,BR,Vacaria
Southern Comfort,Arney Besque,2006,7,Accounting,87,KG,Sulyukta
Die Hard,Terri-jo Hartright,2000,45,Services,26,CN,Xishaping
"Source Family, The",Chuck Meryett,1993,41,Accounting,87,DK,København
Vivre sa vie: Film en douze tableaux (My Life to Live),Mohammed Collihole,2012,38,Sales,32,PT,Casal do Relvas
Blackbird,Garvy Broomfield,2012,12,Marketing,16,SI,Kisovec
Cheri,Vivia Jessel,2012,37,Support,49,ID,Bugis
Bells of Innocence,Tarah Ashtonhurst,2003,55,Training,20,PH,Dolo
Colourful (Karafuru),Roscoe Simak,1999,55,Sales,51,ID,Sumberpinang Satu
Fun is Beautiful,Haley Thursfield,2002,92,Human Resources,78,CZ,Javorník
Disclosure,Oona Ortler,2007,60,Training,57,CN,Shuidong
"End of the Affair, The",Elden Leidecker,1992,81,Training,71,CZ,Leština
Naked Violence,Waly Swanson,2007,67,Sales,88,AZ,Bilajari
Red Dragon,Justis Backe,2003,80,Training,90,BY,Veyno
Topkapi,Arni Crookes,2006,27,Business Development,95,ID,Cibatuireng
Future Weather,Jillayne Byre,1997,66,Services,25,XK,Klokot
Raanjhanaa,Rory Grinter,2000,40,Business Development,69,FR,Saint-Maurice-l'Exil
"Cheat, The",Ellswerth Raoult,1993,73,Engineering,34,NI,San Rafael del Sur
I Stand Alone (Seul contre tous),Eldredge Standbrook,2011,27,Legal,5,ID,Sukamaju
Pennies from Heaven,Franciskus Saphir,1998,34,Sales,14,UA,Sheshory
"Final Option, The (Who Dares Wins)",Lian Levane,1995,35,Training,8,SE,Åkersberga
Wallace & Gromit: The Wrong Trousers,Mirella Shaddick,2005,82,Legal,6,CN,Lincheng
Love Before Breakfast,Lu Longworthy,2000,91,Research and Development,22,BG,Chernomorets
Murder by Numbers,Aristotle Fonso,1995,82,Human Resources,30,UA,Marshintsy
To Cross the Rubicon,Cleon Tellenbroker,2006,70,Engineering,86,ZA,Ballitoville
Inventing the Abbotts,Ayn Beazer,2006,85,Sales,52,FM,Nukuoro
The Indifferent Beauty,Zulema Guilliatt,2002,22,Services,57,CN,Peixing
Japanese Summer: Double Suicide (Muri shinjû: Nihon no natsu),Hort Lichfield,2011,40,Sales,50,CN,Fenjie
"Moment of Truth, The (Il momento della verità)",Nikolia Caldow,1992,3,Business Development,79,RU,Georgiyevsk
Gold Diggers of 1937,Jarad Persian,1981,84,Engineering,89,ID,Bilo
Thank You a Lot,Humfrid Eouzan,2004,23,Product Management,65,ID,Ciseuseupan
Almanya - Welcome to Germany (Almanya - Willkommen in Deutschland),Stillmann Stanyland,2000,88,Accounting,49,PL,Dzwola
Keep the Lights On,Brier Kovalski,2006,56,Accounting,96,ID,Bagangan
Showtime,Sonnie Ehrat,2007,39,Engineering,35,EE,Narva
I Dream Too Much,Rich Scarisbrick,1986,1,Legal,32,ID,Majingklak
Tune in Tomorrow...,Delcina Sandry,2011,93,Legal,65,CN,Xiyang
Alatriste,Mac Van der Mark,2007,68,Engineering,14,BR,Salto
Firelight,Julie Staner,1994,25,Support,16,PH,Apalit
Machete,Tomasine Iacovaccio,2011,85,Research and Development,50,CN,Chishui
Flight of Fury,Alisun Quye,1992,67,Sales,91,UA,Slatyne
House of Dracula,Scot Bourley,2004,62,Product Management,30,SE,Kalmar
"Brady Bunch Movie, The",Cassandra Hallsworth,2004,74,Support,90,US,Orlando
Loaded,Joane Margram,2002,66,Accounting,34,DE,Köln
Tommy Boy,Demetre MacGow,1966,96,Services,15,TD,Goundi
Age of Uprising: The Legend of Michael Kohlhaas (Michael Kohlhaas),Karil Perell,1995,29,Sales,59,PL,Olesno
Action Jackson,Augustina Hendriks,1999,96,Research and Development,96,UG,Dokolo
Super Fly (Superfly),Micky Chatwood,2001,99,Engineering,96,US,Denver
Party Monster,Gerty Pruvost,1984,61,Marketing,82,CU,Santiago de Cuba
Odette Toulemonde,Delcina Henrion,1999,70,Legal,74,MX,Las Palmas
"Grudge 3, The",Almeda Bridgestock,2005,37,Marketing,15,PE,Pampa Hermosa
Katze im Sack,Neil Malkin,2008,12,Services,33,CO,Pueblo Nuevo
"Brass Teapot, The",Zsa zsa Hagart,1997,35,Marketing,38,CN,Wuxiang
Fire-Eater (Tulennielijä),Herold Syred,2005,74,Business Development,23,IE,Kill
Paper Clips,Van Dymott,2004,96,Marketing,7,ID,Makale
Tribute,Magdaia Cota,2012,68,Services,63,US,Lancaster
Plain Dirty (a.k.a. Briar Patch),Laureen Corney,1996,91,Training,72,ID,Oesao
Porky's II: The Next Day,Easter Wagg,2006,61,Engineering,77,RU,Vyborg
"Making of a Legend: Gone with the Wind, The",Vilma Holdron,2004,90,Sales,2,CN,Jiaoxiyakou
Sunset Strip,Willdon Randles,2001,81,Support,88,US,Tallahassee
Des roses en hiver,Karel Schubart,2010,12,Marketing,9,CN,Liutangting
Don McKay,Kathy Haestier,1991,20,Training,57,GB,Kingston
"Dinosaur Project, The",Ignazio Lecount,2000,89,Engineering,66,AR,Puerta de Corral Quemado
Sol ,Nancie Baggelley,2004,16,Marketing,69,SA,Al Jarādīyah
Charlie Chan in Paris,Blinni Bocock,2005,97,Services,97,PL,Poniatowa
"Bells of St. Mary's, The",Joelie Gabits,1995,76,Legal,65,SY,Al Mālikīyah
"Bachelor Party, The",Nicolis Hiscocks,2009,58,Sales,60,AF,Lashkar Gāh
"Witches, The (aka Devil's Own, The)",Jannelle Pole,2006,62,Human Resources,26,NI,Matagalpa
It's Alive,Teodora Ferreri,2005,47,Human Resources,32,CZ,Líně
"Place Promised in Our Early Days, The (Kumo no mukô, yakusoku no basho)",Ingemar Thomke,2009,35,Support,68,TH,Dong Charoen
"World According to Monsanto, The (monde selon Monsanto, Le)",Tabb Exall,2001,74,Support,15,MM,Pyay
"Adventures of Sebastian Cole, The",Karoly Bortolini,2002,58,Support,53,CN,Wuying
Happy Here and Now,Ximenes Alleburton,2012,33,Accounting,31,PS,Bayt Līd
"Bachelor and the Bobby-Soxer, The",Munmro Bundock,2007,99,Marketing,4,CN,Zhouji
I Was A Communist for the FBI,Wylie Ormesher,2006,6,Sales,74,MV,Muli
Looking for Maria Sanchez,Kerrill Brobeck,2006,82,Accounting,10,TH,Wichit
Cartouche,Holly-anne Crallan,2001,49,Legal,77,CZ,Toužim
"Civil War, The",Elton Neaverson,2009,22,Research and Development,42,MN,Maanĭt
Precious Find,Hans Meeland,1989,49,Support,66,CN,Hecheng
Boy A,Courtney Liebmann,1983,49,Services,77,RU,Bratsk
Grumpy Old Men,Gillie Scrowton,2001,87,Engineering,65,PH,San Vicente
Desire Under the Elms,Lil McAughtrie,2009,47,Legal,78,CN,Huiwen
"Wild Parrots of Telegraph Hill, The",Harmonia Dirr,1990,29,Marketing,59,PE,Challhuahuacho
Simple Men,Stevie Bellham,2006,47,Legal,47,PH,Mayapusi
Christmas Carol: The Movie,Ernestus Estevez,2006,45,Business Development,46,RU,Smolino
Amateur,Nicole McGriele,2006,11,Engineering,78,CN,Kangmei
"That Day, on the Beach (Hai tan de yi tian)",Madeleine Cornes,2006,61,Training,43,NI,San Rafael del Sur
"Wilby Conspiracy, The",Miranda Americi,2001,86,Accounting,85,BR,Francisco Morato
Another You,Dame Cuddehay,2008,13,Accounting,51,PL,Chodzież
"Testament of Orpheus, The (Testament d'Orphée)",Duane Parr,2005,49,Services,71,RU,Turka
My Sons (Musuko),Price Guirardin,1995,83,Product Management,74,VN,Thanh Xuân
Justice League: The Flashpoint Paradox,Matty Mainz,1998,55,Marketing,69,ID,Boro
George Carlin: It's Bad for Ya!,Gerri Jerrolt,1986,29,Services,32,CN,Meixi
3 Women (Three Women),Callida Abramovicz,1992,62,Services,1,CN,Buliu
Dogtown and Z-Boyz,Padgett Kilfether,2006,79,Human Resources,47,AL,Sevaster
Tin Man,Leonore Mucklow,2006,56,Product Management,89,PH,Sillon
Dr. Gillespie's New Assistant,Harwilll Dahlborg,2012,9,Human Resources,99,PH,Tanza
Lady in Cement,Faun Bisseker,1994,80,Sales,67,ID,Tuamese
"Marriage Circle, The",Hymie Divers,2009,56,Support,73,US,Indianapolis
Miracle at Oxford (True Blue),Sharlene Wingrove,2007,98,Engineering,82,US,Dallas
Cold Fish (Tsumetai nettaigyo),Trixie Becken,1991,18,Training,62,FR,Ajaccio
Rapa Nui,Fritz Gerkens,1992,39,Training,83,RU,Verkhnyaya Khava
7 Dwarves: The Forest Is Not Enough,Kristy Tregiddo,2001,86,Research and Development,62,BR,Herval
Tipping the Velvet,Von Vasiltsov,1995,66,Support,9,US,New York City
Assault of the Sasquatch (Sasquatch Assault),Bride De Gouy,2006,21,Accounting,23,PL,Błonie
Croupier,Ulises Seear,2010,78,Human Resources,24,BR,Jaru
"Fragile Trust: Plagiarism, Power, and Jayson Blair at the New York Times, A",Netti Cannicott,1999,52,Training,67,RU,Tomsk
Borderline,Virgilio Delgadillo,1993,86,Sales,87,CN,Jiancheng
Great!,Moe Cowhig,1983,43,Sales,39,SA,Najrān
Casualties of War,Victoir Swabey,1997,27,Human Resources,18,CN,Nianba
"Trip, The",Lucas Assiratti,2001,6,Support,61,BR,Itarana
Hello Down There,Carena Mulmuray,1990,82,Services,67,CN,Pingxiang
Anna and the King,Elianore Clemencet,2008,99,Marketing,42,PH,Castañas
Tortilla Flat,Georgina Sogg,1984,3,Accounting,75,ID,Madette
Ghost in the Shell Arise - Border 1: Ghost Pain,Candida Bateman,2006,89,Training,36,RU,Ust’-Koksa
"Trial of Billy Jack, The",Myrlene Leeming,1989,64,Accounting,83,RU,Novosil’
Hatchet,Caterina Yelding,1997,53,Services,39,SB,Auki
My Sons (Musuko),Tommi Grevel,2006,33,Training,61,MG,Ihosy
Music in the Air,Filia Peeke-Vout,2007,3,Services,89,CN,Haoba
Zombies of Mora Tau,Brodie Goulden,2011,20,Engineering,66,AU,Sydney
Matinée,Fidole Juan,2005,37,Accounting,21,PL,Głuchów
Vlad Tepes (Vlad &#354;epe&#351;),Robbi Dunbar,2010,48,Human Resources,38,BO,Villazón
SherryBaby,Fan Lessmare,2002,73,Legal,49,FI,Loimaan Kunta
"Mouse That Roared, The",Gilbertine Raison,2000,62,Sales,47,PT,Barqueiro
Assassination of a High School President,Barnaby Breinl,2000,43,Research and Development,24,BR,Bauru
Exit,Katleen Matveiko,1991,1,Research and Development,30,LT,Žiežmariai
The Casino Murder Case,Theodora Synder,2009,26,Accounting,63,CN,Zhujiachang
Learning to Ride,Hettie Pywell,1992,80,Sales,40,CN,Dongchen
Deep Cover,Caleb Jatczak,2013,82,Marketing,25,VN,Hai Riêng
"Nugget, The",Jedediah Ferfulle,1991,64,Marketing,11,PS,Banī Zayd
Rising Sun,Melisse Fynn,2002,38,Support,14,MY,Ipoh
Keith,Krishnah Mattityahou,2009,26,Engineering,37,CN,Longcang
Center Stage,Marney Alcide,1993,56,Training,74,PT,Camacha
Inn of Evil (Inochi bô ni furô),Virgil Capeling,2003,20,Legal,81,AM,Dalarik
Just Like a Woman,Lewiss Boundy,1993,83,Business Development,20,PH,Little Baguio
"Big City, The (Mahanagar)",Angelia Kebbell,2005,67,Accounting,50,NE,Tillabéri
Beauty and the Boss,Noe Gowman,1967,55,Product Management,33,CN,Hake
"I Love, You Love (Ja milujem, ty milujes)",Geralda Geertz,2008,97,Product Management,40,ID,Suwaduk
To Die For,Farand Brolechan,2001,74,Product Management,37,ID,Cisaro
"Misadventures of Margaret, The",Brandie Swinley,2003,22,Research and Development,74,CN,Lucheng
"Cave, The",Sean Perot,1998,14,Accounting,53,PS,Sinjil
Things You Can Tell Just by Looking at Her,Heath Trazzi,2004,69,Business Development,57,AR,Patquía
Torn,Augusta Shreeve,2010,16,Services,28,CN,Danyang
Red Lights,Zoe Hamblen,1961,16,Product Management,24,ID,Kebon
Bubble,Ida Breazeall,1996,98,Product Management,19,BR,Jatobá
Sweeney Todd: The Demon Barber of Fleet Street,Gertruda Devlin,2006,62,Legal,25,SA,Ţubarjal
"Freshman, The",Tyrus Reddel,1989,67,Sales,26,RU,Mamonovo
Looking for Lenny ,Tabatha Ferrotti,2006,21,Sales,69,DO,Fantino
"Belly of an Architect, The",Rania Ortell,1964,68,Business Development,52,PH,Cagdianao
Wake Wood ,Clint McIlheran,2010,70,Marketing,92,RU,Ol’ginskaya
Brokeback Mountain,Roxi Vanderplas,2010,42,Research and Development,2,ID,Sukorejo
Document of the Dead,Ursuline McSkin,2005,70,Product Management,92,CN,Liebu
Yankee Zulu,Genny Merigon,1993,64,Support,63,TH,Dan Makham Tia
Star Wars: Episode IV - A New Hope,Lavinia Toretta,2006,88,Services,62,ID,Labuhansumbawa
Red Salute,Retha Radclyffe,1961,30,Accounting,57,CN,Nanyuan
Saturn 3,Uta Heino,1998,80,Sales,48,CO,Acacías
Islander,Dorothee Hendricks,2012,17,Legal,35,PH,Libertad
Axed,Ivory Carvilla,1987,54,Accounting,72,CN,Xinli
"Full Monty, The",Mitzi Milch,2002,43,Training,20,ID,Babakan
"Bride with White Hair, The (Bai fa mo nu zhuan)",Shelli Hutton,1993,87,Business Development,57,CN,Tuanfeng
Freeway,Hayward Salan,1996,35,Sales,92,CN,Shuanghekou
Stockholm East (Stockholm Östra),Ara O'Glassane,2007,75,Marketing,56,PS,Shūkat aş Şūfī
"Prophet, the Gold and the Transylvanians, The (Profetul, aurul si Ardelenii)",Cori Drewe,2006,48,Product Management,43,RU,Velikiye Luki
"Pride of the Yankees, The",Foss Gentreau,1988,28,Support,93,ID,Kotingnatagete
"Shanghai Gesture, The",Saunders Thowes,1993,2,Accounting,59,CN,Hongsipu
Ernest Saves Christmas,Daffi Slyford,2000,45,Sales,49,KZ,Burunday
So Dear to My Heart,Deerdre Ferry,2007,65,Business Development,45,CN,Tiannan
"Bakeneko: A Vengeful Spirit (Kaibyô nori no numa) (Ghost-Cat Cursed Pond, The)",Brockie Capstick,2004,67,Human Resources,87,RU,Bokhan
Persuasion,Zondra Pounds,2008,66,Engineering,12,XK,Junik
"Canterbury Tales, The (I racconti di Canterbury)",Alexia Florio,1993,80,Services,72,JP,Kogota
Saw III,Koralle Merry,2005,35,Business Development,18,IE,Trá Mhór
Animal Room,Briana Gregg,1991,9,Accounting,23,IR,Aleshtar
Shadows (Senki),Vonny Blore,1994,11,Services,20,CN,Lipu
"Night of the Shooting Stars (Notte di San Lorenzo, La)",Janenna Lawrinson,2011,91,Legal,56,FR,Cergy-Pontoise
Milka - A Film About Taboos (Milka - elokuva tabuista),Abbie Udall,2010,27,Human Resources,81,KG,Jalal-Abad
Thunder Rock,Biddie Shawl,2006,67,Research and Development,16,CU,Regla
200 M.P.H.,Dosi St. Queintain,1990,82,Sales,46,CN,Lujing Zhen
Beats Rhymes & Life: The Travels of a Tribe Called Quest,Hildegaard Moyer,2011,40,Accounting,30,CN,Da’an
Live Free or Die Hard,Rosene Vannoort,2007,70,Engineering,77,NE,Dosso
BFFs,Harp Lesurf,1999,40,Services,5,AT,St. Anton an der Jeßnitz
"Broadway Melody, The",Emily Koene,2007,60,Training,95,RU,Ust’ye
West Is West,Zea Jeannesson,2009,61,Marketing,22,ID,Binafun
The Walking Hills,Jenda Barrick,1988,24,Product Management,69,CL,Nacimiento
"Personals, The (Zheng hun qi shi)",Philbert Astlet,1967,27,Services,5,SE,Nacka
Act of Violence,Tiphany Totman,2005,28,Marketing,36,CO,Jenesano
Susannah of the Mounties,Cordelie Grote,2008,43,Marketing,70,MN,Avdzaga
Free Fall,Giulietta Snoday,1989,52,Training,72,PW,Koror
Dirty Filthy Love,Darsey Doige,1997,82,Marketing,48,CN,Anren Chengguanzhen
"Mating of Millie, The",Maisey Davall,1985,52,Human Resources,97,CN,Nagqu
"End of Poverty, The",Vincenty O' Shea,1995,81,Support,3,CN,Meixi
Jim Jefferies: BARE,Ginnie Itshak,2012,6,Research and Development,39,PH,Union
Vengeance: The Story of Tony Cimo,Jan Goering,2005,100,Human Resources,63,ZA,Roodepoort
Lady Killer,Christoper Jewer,1991,50,Accounting,13,AR,Avellaneda
Bloody Angels (1732 Høtten: Marerittet har et postnummer),Nealson Doag,2005,29,Marketing,25,FR,Roissy Charles-de-Gaulle
Gun Shy,Kimbell Siss,2007,99,Accounting,29,RU,Perepravnaya
Death of a President,Clementius Cutbirth,2010,85,Accounting,54,RU,Nizhnedevitsk
Call Northside 777,Shara Cheverell,1992,35,Training,15,CN,Qiaozhen
Virtual Sexuality,June Alford,1995,55,Research and Development,98,TH,Krasae Sin
Meet Joe Black,Carissa Musk,1992,46,Services,47,CZ,Všetaty
"Adventure of Sherlock Holmes' Smarter Brother, The",Abigale Ivashchenko,1999,91,Marketing,72,US,Columbus
Go Get Some Rosemary (Daddy Longlegs),Gretel Kyneton,2003,18,Human Resources,17,PH,Caramay
Case 39,Redford Shrawley,2001,91,Legal,65,TJ,Palos
"Hunchback of Notre Dame, The",Janka Gilbert,2007,38,Product Management,76,GB,Thorpe
Someone Marry Barry,Samara Baddow,1986,63,Marketing,90,PK,Rustam jo Goth
War of the Dead - Stone's War ,Nadya Huckerby,1986,3,Services,1,PH,Begang
009 Re: Cyborg,Abramo McVittie,1999,76,Accounting,84,CO,San Diego
Unspeakable Acts ,Dawn Mouse,2004,60,Business Development,68,ID,Pledo
The Hatchet Man,Alix Autry,1998,61,Research and Development,74,CN,Cikai
Target,Latrina Mayhead,2004,96,Research and Development,1,DE,Osnabrück
Métisse (Café au Lait),Rudolf McCreagh,1998,43,Accounting,60,ID,Panoongan
Bigga Than Ben,Dimitri Greenhaugh,1998,80,Business Development,42,CN,Baojia
Divine Madness!,Darlleen Adel,2002,89,Marketing,14,MN,Tahilt
Hurry Sundown,Tadeo Woloschin,1986,33,Training,57,PH,Calingcuan
"City of Your Final Destination, The",Teodor Cluely,1992,43,Legal,26,CN,Laifang
"Map For Saturday, A",Chuck Ciciari,1995,43,Support,100,ID,Curug
Dragon Ball Z the Movie: The Tree of Might (Doragon bôru Z 3: Chikyû marugoto chô kessen),Rose Polet,2004,94,Marketing,12,CA,Coaldale
"Liar's Autobiography: The Untrue Story of Monty Python's Graham Chapman, A",Umberto Brusin,2008,84,Marketing,29,SY,Sa‘sa‘
"Interview, The",Ursuline Blandford,2009,32,Engineering,69,PL,Krzepice
Arcade,Elspeth Hysom,2012,57,Support,69,CN,Hongchuan
Inseparable,Mil Mortell,2000,9,Engineering,6,PT,Areeiro
The Invitation,Delbert Brecher,2001,18,Business Development,40,SE,Bandhagen
Entertaining Angels: The Dorothy Day Story,Reginauld Gobat,1989,89,Business Development,28,NO,Skien
9th Company,Jacintha Dougary,2002,16,Accounting,57,RU,Novo-Peredelkino
"Yards, The",Abigail Newbury,1996,48,Support,14,GR,Evxinoúpolis
Art and Craft,Dalston Symondson,2007,6,Marketing,80,ID,Citarik
French Film,Min Coppeard,1998,46,Engineering,13,PL,Sobienie Jeziory
Petals on the Wind,Derrek McIlherran,2002,51,Legal,52,AL,Pukë
Freaks,Florry Glader,2005,90,Legal,35,ID,Randu
Omega Doom,Daffie Lickorish,2004,63,Research and Development,74,RU,Baryshevo
Star Trek V: The Final Frontier,Bev Shaw,1999,75,Accounting,67,CU,Ranchuelo
Rapture-Palooza,Symon Lavall,1996,68,Marketing,72,CA,Pickering
Confetti,Laurence Popham,1990,54,Sales,34,YE,Ad Dimnah
Women Art Revolution,Odetta Testin,2009,83,Marketing,86,CN,Wentai
Fuck,Clayton Wolford,2008,47,Engineering,91,CN,Acheng
Taxi for Tobruk,Mose Richie,1984,38,Services,60,CN,Shangqiu
"Sunset Limited, The",Otis Caulkett,2010,9,Engineering,51,PL,Lidzbark
Arbitrage,Brucie O' Quirk,1977,5,Training,45,CN,Nanzhao
"Curse of the Werewolf, The",Dayna Christmas,2008,67,Training,30,CN,Jiefang
See No Evil,Kiah Iacobucci,2012,37,Support,80,US,Milwaukee
"Five Pennies, The",Adi Everwin,2012,34,Human Resources,100,TH,Song
Rush Hour,Anet Alliband,2007,98,Training,98,HR,Laslovo
All About Steve,Charmian Lindop,2010,3,Research and Development,19,ID,Gresik
Children of the Corn IV: The Gathering,Sonny Hebbes,2001,13,Training,56,CN,Dongshan
"Children of Huang Shi, The",Susanna Bletso,1993,80,Engineering,14,LA,Xam Nua
Billy Elliot,Aileen Powe,1999,86,Research and Development,84,CN,Licheng
"Cercle Rouge, Le (Red Circle, The)",Rosemarie Congreave,2003,35,Accounting,37,FR,Sallanches
Mean Machine,Junette Slora,2012,45,Legal,47,FR,Arles
Overnight Delivery,Tallou Hoff,2010,42,Services,25,RU,Murmino
Romance on the High Seas,Osbert Snaddin,2011,25,Research and Development,39,PH,Kauswagan
Suzy,Abigail Stollhofer,1993,30,Services,80,ID,Purwa
Mystic River,Taylor Doick,2008,35,Support,90,BR,Juazeiro do Norte
Making Love,Art Benini,2010,98,Product Management,73,PH,Bayawan
Powder,Thia Heart,2007,43,Engineering,44,CN,Nianyushan
"Promotion, The",Lusa McKeachie,2009,44,Training,2,BR,Novo Hamburgo
Passionada,Claiborn Boyce,1996,43,Engineering,24,FR,Paris 14
Vision (Vision - Aus dem Leben der Hildegard von Bingen),Dasi Cockren,2012,2,Engineering,90,CN,Xinfengjie
"Legend of Bigfoot, The",Marabel Diegan,1997,24,Services,80,RU,Karata
Marriage Material,Eunice Anglish,2010,54,Business Development,58,TJ,Kolkhozobod
"Love Nest, The",Roanne Rosellini,2006,55,Services,74,NI,Masachapa
Barefoot Gen 2 (Hadashi no Gen II),Wallis Joutapavicius,1994,48,Human Resources,90,BY,Svislach
You're a Big Boy Now,Kylila Alesi,2004,66,Accounting,43,CN,Dingtao
Demon Wind,Perl Speir,2008,97,Business Development,84,SI,Velenje
Seal Team Eight: Behind Enemy Lines,Berry Foulcher,2001,87,Legal,99,BY,Byerazino
Out of Life (Hors la vie),Vasily Toma,2012,85,Business Development,79,PE,Bellavista
"Unknown Soldier, The (Tuntematon sotilas)",Gennifer Ince,1992,9,Business Development,2,SE,Perstorp
Dumb & Dumber (Dumb and Dumber),Craig Domenicone,1996,61,Legal,54,KZ,Tobol
"Misérables, Les",Lorianne Dunn,1990,50,Human Resources,69,PE,Copa
Street of Shame (Akasen chitai),Vin Commander,1997,72,Legal,93,CN,Tongda
"Man in the Iron Mask, The",Logan Guerola,1999,20,Support,49,UA,Mukacheve
Captain Phillips,Agnes Comrie,1995,43,Accounting,79,RU,Lomintsevskiy
Clubbed,Loretta Alben,2012,12,Training,49,PH,Alilem
That Obscure Object of Desire (Cet obscur objet du désir),Mendy Bountiff,2001,72,Accounting,27,FR,Nanterre
The Appointments of Dennis Jennings,Ritchie Attwoul,1993,23,Business Development,72,ID,Hadakewa
American Ninja 2: The Confrontation,Wyndham Mapledoore,1999,62,Engineering,52,US,Hampton
Tabu,Johnath Hebbron,2010,62,Research and Development,67,RS,Despotovac
Brothers,Joscelin Poluzzi,2012,25,Marketing,34,ID,Bulahblangaro
Act Da Fool,Hiram Jarrel,1987,49,Legal,47,CN,Lusigang
Katt Williams: Priceless: Afterlife,Zebulen Weagener,2011,24,Accounting,83,ID,Laiponda
Two-Way Stretch,Ingar Sciacovelli,1969,36,Accounting,53,RU,Priyutovo
"Ward, The",Michal Ivanyushkin,1986,94,Engineering,49,CN,Jizhou
"Lord of the Rings: The Two Towers, The",Jeno Macconachy,1998,90,Business Development,28,US,Albuquerque
"Lord of the Rings: The Two Towers, The",Betsy Kimmons,2006,55,Human Resources,97,CN,Aozai
April Story,Aluino Howett,1996,17,Human Resources,89,CN,Zhongcheng
"Battle of Britain, The (Why We Fight, 4)",Bruce Presidey,1992,67,Sales,41,NL,Hoorn
"Actress, the Dollars and the Transylvanians, The (Artista, dolarii si Ardelenii)",Abel Rippon,2009,34,Product Management,7,HT,Thomassique
Operation Daybreak,Emmaline Curm,2005,34,Sales,65,TO,Neiafu
Homevideo,Betti Grishukov,1985,38,Accounting,56,LV,Aizkraukle
"Crowd, The",Lucienne Girardengo,2008,48,Accounting,42,US,Grand Rapids
"Brasher Doubloon, The",Meredith Durbyn,2007,54,Legal,92,PT,Vila Boa do Bispo
"Summer Hours (Heure d'été, L')",Tamera Hosby,1990,44,Human Resources,50,CN,Jiangkou
Hen Hop,Brenda Manilow,1993,41,Services,70,ID,Kebonkaret
Bhowani Junction,Stacy Foley,2011,37,Legal,18,DE,Hamburg
"Sunchaser, The",Westley Dyneley,1996,88,Human Resources,59,CA,Boucherville
Candy,Emlen Ferris,2001,75,Marketing,35,GR,Tsákoi
Admission,Carlyle Wornum,1993,44,Legal,42,SE,Västerås
Crime at the Chinese Restaurant,Lynn Olpin,1992,96,Marketing,39,AU,Launceston
"Night in Heaven, A",Bernard Spat,1989,91,Accounting,61,ID,Ciampea
"Watcher, The",Nissa Colpus,1997,76,Support,5,ID,Kedungwringin Satu
Talking About Sex,Farr Gillam,2006,57,Research and Development,59,UA,Hupalivka
Blood Runs Cold,Geri Brevitt,2008,13,Product Management,1,FR,Levallois-Perret
Black or White,Aguste Guillon,2007,22,Accounting,70,PH,Maibu
Ethel,Sonya Aujouanet,1972,26,Accounting,13,CN,Jicun
Mourning Becomes Electra,Kristine Karlicek,1993,54,Services,31,KH,Ban Lŭng
This Is 40,Selestina Hauxwell,1984,58,Business Development,42,EC,Montecristi
Kamome Diner,Querida Baszkiewicz,2012,93,Sales,9,PH,Klinan
Waterloo Bridge,Catriona Braidon,2012,63,Marketing,84,ID,Kotawaikabubak
Soldier Blue,Roi Sitch,1974,42,Sales,49,CN,Huangmao
"Overcoat, The (Il cappotto)",Rock Berney,2004,75,Business Development,36,NE,Tanout
alaskaLand,Murdock Yewman,1984,28,Marketing,89,TH,Lamduan
Peg o' My Heart,Ryley Hagart,2009,14,Marketing,47,CN,Lingbei
I Always Wanted to Be a Gangster (J'ai toujours rêvé d'être un gangster),Reggi Spicer,2006,75,Business Development,40,RU,Romanovo
Mimic 2,Jennie McIndrew,1966,3,Product Management,6,BR,Rolante
"Goodbye Girl, The",Napoleon Divina,2003,36,Sales,11,PT,Espinho
Operation Dumbo Drop,Adair Bemrose,2006,75,Research and Development,6,CN,Daji
Babylon 5: A Call to Arms,Eirena Jefferies,1993,27,Sales,28,KR,Gongju
Wee Willie Winkie,Pren Hulcoop,2010,59,Services,66,ID,Oebaki
Pixote,Adella Stanesby,2000,100,Business Development,20,VN,Nam Sách
Freeway,Kissie Alger,1996,2,Sales,81,PH,San Sebastian
Born into Brothels,Danielle Audley,2001,71,Business Development,69,US,Boston
My Chauffeur,Balduin Stummeyer,2001,91,Product Management,30,MA,Temara
Passion,Juana Rafe,2000,54,Product Management,94,CN,Tianqian
Broken Blossoms or The Yellow Man and the Girl,Catha Attaway,2006,15,Support,17,RU,Izhmorskiy
But I'm a Cheerleader,Cirilo Drinnan,2001,98,Sales,70,ID,Pucangkrajan
Pure One (Pakeezah),Hayden Murkus,1999,61,Training,1,SI,Turnišče
2LDK,Natassia Harrad,1997,75,Business Development,87,CA,Parrsboro
Black Orpheus (Orfeu Negro),Gabbie Nizard,1992,9,Human Resources,77,CN,Zhongzuiling
Still Waiting...,Sophia Ordish,2006,6,Marketing,90,RU,Sol’tsy
Heckler,Julius Shera,2009,91,Services,7,PH,Libon
Savage Grace,Joly Condict,2011,8,Sales,32,CN,Jiehu
Major League,Juditha Jepperson,1995,5,Research and Development,43,PH,Tanudan
Resident Evil: Afterlife,Scotti Lippiett,2007,96,Training,77,BR,Abreu e Lima
Patton,Nan Sickamore,2001,33,Sales,99,PT,Altares
Incident at Blood Pass (Machibuse) (Ambush),Phineas Raper,2009,97,Marketing,5,ID,Karangnongko
"Frankenstein Syndrome, The",Trever Sidebotton,2001,15,Training,85,CN,Yushan
Synth Britannia,Emmi Ashcroft,2009,25,Product Management,79,PK,Tānk
